person_id,rank,seniority,office,practice_group,baseline_weekly_hours,entry_week,last_obs_week,time_to_regular,event_regular,first_cca_use_week,used_cca,cca_pre_washout,already_regular_at_entry
SYN00001,Mid-Level Associate,Senior,London,Other,29.27,0,81,7,1,23.0,1,0,0
SYN00002,Partner,Senior,Hong Kong,Other,35.71,0,81,4,1,29.0,1,0,0
SYN00003,Mid-Level Associate,Senior,Other,Antitrust,,1,81,23,1,53.0,1,0,0
SYN00004,Trainees,Junior,Frankfurt,Arbitration,49.81,0,81,14,1,,0,0,0
SYN00005,Trainees,Junior,Other,Other,39.8,0,81,23,1,23.0,1,0,0
SYN00006,Mid-Level Associate,Senior,Frankfurt,Corporate Transactions & Advisory,55.08,0,81,3,1,41.0,1,0,0
SYN00007,Trainees,Junior,Other,Corporate Transactions & Advisory,30.28,19,81,19,1,11.0,1,0,0
SYN00008,Partner,Senior,Hong Kong,Antitrust,40.07,0,69,31,1,61.0,1,0,0
SYN00009,Partner,Senior,London,Antitrust,48.15,0,81,9,1,1.0,1,0,0
SYN00010,Junior Associate,Junior,Other,B&F Group,49.77,0,54,20,1,7.0,1,1,0
SYN00011,Trainees,Junior,Madrid,Corporate Group,,0,81,3,1,4.0,1,1,0
SYN00012,Mid-Level Associate,Senior,London,Arbitration,,0,81,42,1,20.0,1,1,0
SYN00013,Partner,Senior,London,Litigation,39.26,14,81,22,1,22.0,1,0,0
SYN00014,Partner,Senior,Hong Kong,Private Equity,32.04,0,81,27,1,7.0,1,0,0
SYN00015,Counsel,Senior,Hong Kong,Capital Markets,54.34,0,81,20,1,81.0,1,0,0
SYN00016,Partner,Senior,Frankfurt,Other,50.13,0,81,81,0,,0,0,0
SYN00017,Counsel,Senior,Other,Antitrust,42.08,11,81,13,1,32.0,1,0,0
SYN00018,Trainees,Junior,London,Arbitration,16.72,2,81,15,1,14.0,1,0,0
SYN00019,Junior Associate,Junior,London,Projects,13.26,0,81,4,1,12.0,1,0,0
SYN00020,Junior Associate,Junior,Luxembourg,Corporate Group,41.88,0,81,46,1,12.0,1,0,0
SYN00021,Counsel,Senior,London,Other,23.17,0,81,9,1,71.0,1,0,0
SYN00022,Trainees,Junior,London,Antitrust,22.94,0,48,23,1,4.0,1,1,0
SYN00023,Junior Associate,Junior,Madrid,Arbitration,,0,81,27,1,8.0,1,0,0
SYN00024,Partner,Senior,New York,Corporate Transactions & Advisory,48.38,0,81,12,1,43.0,1,0,0
SYN00025,Senior Associate,Senior,Frankfurt,Corporate Group,41.49,0,81,5,1,53.0,1,0,0
SYN00026,Partner,Senior,London,Other,47.02,0,81,20,1,12.0,1,0,0
SYN00027,Junior Associate,Junior,Luxembourg,Arbitration,31.33,19,81,19,1,2.0,1,0,0
SYN00028,Partner,Senior,London,Corporate Transactions & Advisory,41.17,20,81,81,0,16.0,1,1,0
SYN00029,Partner,Senior,London,Capital Markets,,0,81,81,0,5.0,1,1,0
SYN00030,Counsel,Senior,London,Other,67.67,0,56,56,0,11.0,1,0,0
SYN00031,Mid-Level Associate,Senior,Paris,Other,,1,81,26,1,6.0,1,0,0
SYN00032,Mid-Level Associate,Senior,Other,Funds & Asset Management,41.56,0,81,9,1,26.0,1,0,0
SYN00033,Mid-Level Associate,Senior,Other,Projects,35.71,0,52,9,1,,0,0,0
SYN00034,Counsel,Senior,New York,Other,,0,81,10,1,43.0,1,0,0
SYN00035,Trainees,Junior,New York,Projects,,0,79,45,1,29.0,1,0,0
SYN00036,Mid-Level Associate,Senior,Amsterdam,Corporate Group,14.85,0,81,44,1,6.0,1,1,0
SYN00037,Partner,Senior,Hong Kong,Projects,,1,81,2,1,36.0,1,0,0
SYN00038,Junior Associate,Junior,Other,Corporate Transactions & Advisory,,0,81,36,1,36.0,1,0,0
SYN00039,Senior Associate,Senior,New York,Arbitration,40.19,0,81,6,1,,0,0,0
SYN00040,Partner,Senior,London,Corporate Transactions & Advisory,27.88,0,81,28,1,10.0,1,0,0
SYN00041,Junior Associate,Junior,London,Antitrust,33.14,0,81,19,1,1.0,1,1,0
SYN00042,Mid-Level Associate,Senior,Other,Corporate Group,59.85,0,81,43,1,15.0,1,0,0
SYN00043,Trainees,Junior,London,Arbitration,,0,81,23,1,6.0,1,0,0
SYN00044,Other,Junior,Paris,Corporate Transactions & Advisory,32.51,48,81,62,1,11.0,1,0,0
SYN00045,Junior Associate,Junior,Frankfurt,Funds & Asset Management,48.61,0,81,17,1,2.0,1,1,0
SYN00046,Trainees,Junior,London,B&F Group,33.98,0,81,5,1,5.0,1,1,0
SYN00047,Counsel,Senior,Hong Kong,Litigation,31.98,55,81,59,1,9.0,1,1,0
SYN00048,Trainees,Junior,Paris,Arbitration,29.82,0,81,81,0,,0,0,0
SYN00049,Partner,Senior,London,Antitrust,29.69,35,51,35,1,5.0,1,1,0
SYN00050,Trainees,Junior,Amsterdam,Other,45.58,0,81,41,1,5.0,1,0,0
SYN00051,Trainees,Junior,London,Private Equity,38.04,0,81,70,1,4.0,1,0,0
SYN00052,Junior Associate,Junior,Amsterdam,Other,,0,81,17,1,17.0,1,0,0
SYN00053,Counsel,Senior,Other,Other,34.01,1,81,59,1,2.0,1,1,0
SYN00054,Counsel,Senior,Frankfurt,Other,32.52,0,81,63,1,42.0,1,0,0
SYN00055,Other,Junior,Other,Funds & Asset Management,55.25,0,52,42,1,11.0,1,1,0
SYN00056,Junior Associate,Junior,Other,Other,44.31,3,81,20,1,22.0,1,0,0
SYN00057,Junior Associate,Junior,Other,Other,,2,81,81,0,9.0,1,0,0
SYN00058,Mid-Level Associate,Senior,London,Litigation,36.61,2,81,59,1,,0,0,0
SYN00059,Trainees,Junior,Paris,Antitrust,,10,81,30,1,19.0,1,1,0
SYN00060,Mid-Level Associate,Senior,London,Litigation,35.97,0,81,9,1,13.0,1,1,0
SYN00061,Junior Associate,Junior,Other,Corporate Transactions & Advisory,49.34,0,81,81,0,0.0,1,1,0
SYN00062,Mid-Level Associate,Senior,Paris,Other,35.64,50,81,50,1,11.0,1,0,0
SYN00063,Trainees,Junior,Other,Other,61.32,0,81,59,1,59.0,1,1,0
SYN00064,Partner,Senior,New York,Corporate Transactions & Advisory,65.28,0,81,3,1,9.0,1,0,0
SYN00065,Mid-Level Associate,Senior,Amsterdam,Other,35.09,0,81,15,1,1.0,1,0,0
SYN00066,Mid-Level Associate,Senior,Paris,Capital Markets,32.48,0,81,32,1,20.0,1,0,0
SYN00067,Senior Associate,Senior,Paris,Private Equity,41.29,0,81,5,1,15.0,1,1,0
SYN00068,Mid-Level Associate,Senior,Other,Corporate Transactions & Advisory,60.58,0,81,40,1,6.0,1,1,0
SYN00069,Counsel,Senior,London,Corporate Group,53.77,0,81,40,1,8.0,1,0,0
SYN00070,Junior Associate,Junior,London,Funds & Asset Management,,0,81,81,0,8.0,1,0,0
SYN00071,Mid-Level Associate,Senior,Other,Arbitration,,0,81,33,1,24.0,1,0,0
SYN00072,Mid-Level Associate,Senior,Madrid,Arbitration,6.71,0,81,19,1,21.0,1,0,0
SYN00073,Senior Associate,Senior,Other,Corporate Transactions & Advisory,,0,81,81,0,6.0,1,1,0
SYN00074,Partner,Senior,London,Capital Markets,,10,81,81,0,,0,0,0
SYN00075,Junior Associate,Junior,London,Corporate Transactions & Advisory,,1,81,16,1,12.0,1,1,0
SYN00076,Junior Associate,Junior,Other,Other,,0,81,6,1,6.0,1,1,0
SYN00077,Mid-Level Associate,Senior,London,Arbitration,,0,81,29,1,51.0,1,0,0
SYN00078,Mid-Level Associate,Senior,Other,Corporate Transactions & Advisory,31.65,0,46,5,1,12.0,1,0,0
SYN00079,Junior Associate,Junior,Other,Litigation,40.92,0,81,81,0,11.0,1,0,0
SYN00080,Trainees,Junior,Frankfurt,Private Equity,33.47,41,81,41,1,5.0,1,1,0
SYN00081,Junior Associate,Junior,Other,Funds & Asset Management,48.02,0,81,15,1,10.0,1,1,0
SYN00082,Junior Associate,Junior,New York,Other,,0,81,58,1,20.0,1,0,0
SYN00083,Junior Associate,Junior,London,Corporate Transactions & Advisory,18.85,11,81,40,1,4.0,1,1,0
SYN00084,Counsel,Senior,Luxembourg,Projects,39.92,0,81,8,1,13.0,1,1,0
SYN00085,Counsel,Senior,London,Corporate Transactions & Advisory,9.71,0,81,25,1,14.0,1,0,0
SYN00086,Trainees,Junior,Other,Corporate Transactions & Advisory,44.47,1,81,2,1,2.0,1,0,0
SYN00087,Senior Associate,Senior,London,Private Equity,32.64,0,64,27,1,,0,0,0
SYN00088,Junior Associate,Junior,London,Private Equity,45.68,0,81,9,1,23.0,1,0,0
SYN00089,Junior Associate,Junior,London,Other,,0,81,21,1,7.0,1,1,0
SYN00090,Junior Associate,Junior,Other,Other,49.98,0,81,11,1,22.0,1,1,0
SYN00091,Junior Associate,Junior,Hong Kong,Arbitration,,0,81,5,1,2.0,1,0,0
SYN00092,Partner,Senior,Paris,Other,,0,81,36,1,,0,0,0
SYN00093,Junior Associate,Junior,Other,Corporate Transactions & Advisory,37.8,7,81,19,1,20.0,1,1,0
SYN00094,Trainees,Junior,Hong Kong,Funds & Asset Management,30.17,0,70,16,1,6.0,1,1,0
SYN00095,Partner,Senior,Madrid,Other,,0,79,7,1,18.0,1,0,0
SYN00096,Senior Associate,Senior,Paris,Arbitration,,0,81,35,1,2.0,1,1,0
SYN00097,Partner,Senior,Other,Other,30.09,3,45,8,1,8.0,1,1,0
SYN00098,Counsel,Senior,Other,Other,25.79,1,81,81,0,8.0,1,1,0
SYN00099,Other,Junior,London,Other,60.58,0,81,14,1,9.0,1,1,0
SYN00100,Mid-Level Associate,Senior,Other,Litigation,31.08,0,81,19,1,0.0,1,1,0
SYN00101,Partner,Senior,London,Corporate Transactions & Advisory,29.45,0,81,11,1,12.0,1,0,0
SYN00102,Mid-Level Associate,Senior,Hong Kong,Antitrust,,0,81,57,1,57.0,1,1,0
SYN00103,Junior Associate,Junior,Frankfurt,Other,55.1,0,81,44,1,,0,0,0
SYN00104,Junior Associate,Junior,New York,Other,,10,81,10,1,2.0,1,0,0
SYN00105,Partner,Senior,Other,Antitrust,48.29,0,81,4,1,6.0,1,0,0
SYN00106,Senior Associate,Senior,London,Other,,32,81,66,1,,0,0,0
SYN00107,Other,Junior,Amsterdam,Corporate Group,42.07,0,81,45,1,47.0,1,0,0
SYN00108,Junior Associate,Junior,London,Projects,43.11,0,74,24,1,39.0,1,0,0
SYN00109,Junior Associate,Junior,Other,Other,,0,81,81,0,48.0,1,0,0
SYN00110,Partner,Senior,New York,Projects,34.73,0,81,7,1,51.0,1,0,0
SYN00111,Junior Associate,Junior,London,Private Equity,,0,81,24,1,2.0,1,0,0
SYN00112,Mid-Level Associate,Senior,Other,Corporate Group,16.69,0,81,5,1,5.0,1,1,0
SYN00113,Trainees,Junior,London,Antitrust,,0,81,26,1,56.0,1,0,0
SYN00114,Trainees,Junior,London,Other,52.57,0,81,2,1,5.0,1,1,0
SYN00115,Trainees,Junior,Other,Funds & Asset Management,,0,81,6,1,15.0,1,0,0
SYN00116,Mid-Level Associate,Senior,Other,Other,28.36,33,81,33,1,32.0,1,0,0
SYN00117,Junior Associate,Junior,Other,Other,,0,81,17,1,3.0,1,0,0
SYN00118,Mid-Level Associate,Senior,Other,Projects,28.8,0,81,26,1,7.0,1,1,0
SYN00119,Junior Associate,Junior,London,Corporate Transactions & Advisory,44.04,14,77,20,1,19.0,1,0,0
SYN00120,Senior Associate,Senior,London,Projects,,0,81,47,1,47.0,1,1,0
SYN00121,Junior Associate,Junior,Other,Other,,0,81,12,1,6.0,1,0,0
SYN00122,Partner,Senior,New York,B&F Group,31.64,0,81,24,1,52.0,1,0,0
SYN00123,Partner,Senior,Luxembourg,Capital Markets,41.91,0,62,58,1,9.0,1,1,0
SYN00124,Senior Associate,Senior,Other,Antitrust,46.37,18,81,52,1,,0,0,0
SYN00125,Trainees,Junior,New York,Arbitration,38.97,0,81,30,1,19.0,1,0,0
SYN00126,Junior Associate,Junior,Hong Kong,Corporate Transactions & Advisory,23.91,0,81,5,1,12.0,1,1,0
SYN00127,Junior Associate,Junior,Other,Corporate Group,39.76,0,81,7,1,1.0,1,1,0
SYN00128,Partner,Senior,Other,Corporate Group,56.85,13,81,53,1,,0,0,0
SYN00129,Junior Associate,Junior,London,Corporate Group,50.74,0,81,13,1,27.0,1,0,0
SYN00130,Trainees,Junior,London,Other,32.64,11,81,47,1,1.0,1,1,0
SYN00131,Senior Associate,Senior,Paris,Antitrust,36.8,19,81,22,1,30.0,1,0,0
SYN00132,Senior Associate,Senior,Hong Kong,Litigation,17.54,0,81,53,1,13.0,1,1,0
SYN00133,Mid-Level Associate,Senior,Other,Corporate Transactions & Advisory,38.02,0,53,19,1,7.0,1,1,0
SYN00134,Trainees,Junior,Other,B&F Group,61.45,21,81,21,1,17.0,1,0,0
SYN00135,Junior Associate,Junior,Other,Litigation,27.54,0,81,5,1,11.0,1,0,0
SYN00136,Junior Associate,Junior,London,Capital Markets,45.66,0,81,31,1,11.0,1,1,0
SYN00137,Senior Associate,Senior,Other,Litigation,31.44,0,81,2,1,16.0,1,1,0
SYN00138,Partner,Senior,London,Projects,46.43,0,81,23,1,23.0,1,1,0
SYN00139,Junior Associate,Junior,London,B&F Group,39.82,15,81,32,1,11.0,1,0,0
SYN00140,Trainees,Junior,Hong Kong,Funds & Asset Management,46.37,0,81,2,1,2.0,1,1,0
SYN00141,Partner,Senior,London,Arbitration,54.43,36,81,45,1,16.0,1,1,0
SYN00142,Partner,Senior,Hong Kong,Antitrust,37.93,0,70,70,0,40.0,1,0,0
SYN00143,Counsel,Senior,Other,Other,31.95,0,81,55,1,55.0,1,0,0
SYN00144,Mid-Level Associate,Senior,Luxembourg,Other,22.93,0,81,48,1,48.0,1,1,0
SYN00145,Junior Associate,Junior,London,Corporate Transactions & Advisory,51.87,0,81,13,1,20.0,1,0,0
SYN00146,Trainees,Junior,London,Arbitration,,24,81,24,1,16.0,1,0,0
SYN00147,Junior Associate,Junior,Amsterdam,Other,38.15,0,50,10,1,14.0,1,1,0
SYN00148,Senior Associate,Senior,Other,Other,,0,81,17,1,8.0,1,1,0
SYN00149,Trainees,Junior,London,Corporate Transactions & Advisory,57.23,4,81,12,1,40.0,1,0,0
SYN00150,Junior Associate,Junior,Frankfurt,B&F Group,58.83,0,81,17,1,17.0,1,1,0
SYN00151,Partner,Senior,Other,Corporate Group,,0,71,10,1,11.0,1,1,0
SYN00152,Partner,Senior,London,Other,44.93,0,81,4,1,0.0,1,1,0
SYN00153,Mid-Level Associate,Senior,New York,Corporate Transactions & Advisory,39.23,0,81,68,1,16.0,1,1,0
SYN00154,Mid-Level Associate,Senior,Other,Capital Markets,51.93,1,46,16,1,3.0,1,1,0
SYN00155,Mid-Level Associate,Senior,New York,Projects,,10,81,10,1,8.0,1,1,0
SYN00156,Partner,Senior,Paris,Corporate Transactions & Advisory,,0,81,19,1,59.0,1,0,0
SYN00157,Partner,Senior,London,Other,19.6,16,81,81,0,,0,0,0
SYN00158,Senior Associate,Senior,London,Corporate Transactions & Advisory,,0,81,1,1,18.0,1,0,0
SYN00159,Trainees,Junior,Other,Other,42.53,0,81,14,1,25.0,1,0,0
SYN00160,Mid-Level Associate,Senior,Other,Antitrust,48.1,1,81,12,1,2.0,1,1,0
SYN00161,Mid-Level Associate,Senior,Other,Private Equity,54.03,0,47,14,1,5.0,1,0,0
SYN00162,Junior Associate,Junior,London,Other,39.81,0,81,7,1,7.0,1,1,0
SYN00163,Junior Associate,Junior,Other,Other,22.19,0,81,32,1,7.0,1,0,0
SYN00164,Counsel,Senior,London,Other,40.48,0,81,35,1,7.0,1,0,0
SYN00165,Counsel,Senior,London,Corporate Transactions & Advisory,63.03,0,81,4,1,48.0,1,0,0
SYN00166,Junior Associate,Junior,Paris,Other,47.03,0,80,6,1,30.0,1,0,0
SYN00167,Junior Associate,Junior,Hong Kong,Other,33.67,10,81,31,1,7.0,1,0,0
SYN00168,Mid-Level Associate,Senior,London,Other,20.87,0,81,8,1,54.0,1,0,0
SYN00169,Counsel,Senior,London,Other,,55,81,55,1,55.0,1,0,0
SYN00170,Trainees,Junior,London,Corporate Transactions & Advisory,31.22,0,81,40,1,14.0,1,0,0
SYN00171,Partner,Senior,London,Other,25.85,0,81,36,1,36.0,1,0,0
SYN00172,Partner,Senior,Hong Kong,Corporate Transactions & Advisory,70.09,0,81,14,1,6.0,1,1,0
SYN00173,Mid-Level Associate,Senior,Other,Other,59.73,0,81,6,1,6.0,1,1,0
SYN00174,Senior Associate,Senior,London,Other,42.32,13,81,14,1,22.0,1,0,0
SYN00175,Mid-Level Associate,Senior,New York,Antitrust,,0,81,4,1,2.0,1,1,0
SYN00176,Junior Associate,Junior,Paris,Arbitration,,1,81,22,1,24.0,1,0,0
SYN00177,Trainees,Junior,Other,Other,56.9,0,81,29,1,26.0,1,0,0
SYN00178,Junior Associate,Junior,Other,Corporate Group,48.58,0,81,8,1,4.0,1,1,0
SYN00179,Junior Associate,Junior,Frankfurt,Corporate Transactions & Advisory,47.62,38,81,38,1,66.0,1,0,0
SYN00180,Junior Associate,Junior,London,Corporate Transactions & Advisory,54.49,0,81,12,1,12.0,1,1,0
SYN00181,Partner,Senior,London,Capital Markets,42.47,0,81,9,1,17.0,1,0,0
SYN00182,Junior Associate,Junior,Frankfurt,Corporate Group,,0,81,80,1,20.0,1,0,0
SYN00183,Junior Associate,Junior,Other,Corporate Transactions & Advisory,,0,81,80,1,15.0,1,0,0
SYN00184,Junior Associate,Junior,London,Corporate Group,52.8,0,58,2,1,3.0,1,0,0
SYN00185,Junior Associate,Junior,Amsterdam,Arbitration,31.76,0,81,27,1,23.0,1,0,0
SYN00186,Mid-Level Associate,Senior,New York,Other,61.61,0,81,1,1,20.0,1,0,0
SYN00187,Mid-Level Associate,Senior,London,Corporate Transactions & Advisory,41.99,0,81,20,1,73.0,1,0,0
SYN00188,Mid-Level Associate,Senior,London,Other,15.49,1,69,14,1,9.0,1,1,0
SYN00189,Junior Associate,Junior,Other,Other,34.21,23,78,23,1,18.0,1,0,0
SYN00190,Mid-Level Associate,Senior,London,Other,50.83,42,81,42,1,8.0,1,1,0
SYN00191,Trainees,Junior,London,Corporate Group,34.65,18,66,22,1,19.0,1,0,0
SYN00192,Counsel,Senior,New York,Corporate Transactions & Advisory,,0,81,13,1,4.0,1,1,0
SYN00193,Trainees,Junior,Other,Other,,0,59,46,1,2.0,1,1,0
SYN00194,Junior Associate,Junior,Luxembourg,Other,41.41,0,81,40,1,57.0,1,0,0
SYN00195,Junior Associate,Junior,Other,Other,,0,81,15,1,38.0,1,0,0
SYN00196,Other,Junior,London,Projects,26.88,0,81,4,1,5.0,1,0,0
SYN00197,Other,Junior,Other,Corporate Group,39.99,0,56,56,0,,0,0,0
SYN00198,Senior Associate,Senior,Other,B&F Group,51.73,0,81,38,1,6.0,1,1,0
SYN00199,Partner,Senior,Frankfurt,Corporate Transactions & Advisory,39.91,22,65,22,1,37.0,1,0,0
SYN00200,Junior Associate,Junior,Other,Funds & Asset Management,67.97,0,81,78,1,78.0,1,1,0
SYN00201,Junior Associate,Junior,London,Arbitration,48.21,0,81,18,1,1.0,1,1,0
SYN00202,Junior Associate,Junior,London,B&F Group,,54,81,54,1,22.0,1,0,0
SYN00203,Junior Associate,Junior,Other,Private Equity,44.26,0,81,24,1,2.0,1,1,0
SYN00204,Junior Associate,Junior,Other,Corporate Transactions & Advisory,,0,81,17,1,,0,0,0
SYN00205,Junior Associate,Junior,Other,Other,46.6,0,81,8,1,9.0,1,0,0
SYN00206,Mid-Level Associate,Senior,London,Projects,46.79,0,81,8,1,42.0,1,0,0
SYN00207,Partner,Senior,Frankfurt,Other,8.77,0,81,7,1,6.0,1,0,0
SYN00208,Junior Associate,Junior,Frankfurt,Other,33.74,28,81,28,1,0.0,1,1,0
SYN00209,Mid-Level Associate,Senior,London,Corporate Transactions & Advisory,39.62,11,81,48,1,11.0,1,1,0
SYN00210,Trainees,Junior,Other,Private Equity,29.79,0,47,6,1,18.0,1,0,0
SYN00211,Partner,Senior,London,Corporate Group,,0,81,24,1,9.0,1,0,0
SYN00212,Other,Junior,Other,Other,,0,81,12,1,12.0,1,0,0
SYN00213,Mid-Level Associate,Senior,London,Other,,0,81,24,1,24.0,1,1,0
SYN00214,Partner,Senior,Madrid,Other,,0,81,4,1,81.0,1,0,0
SYN00215,Partner,Senior,Other,Corporate Transactions & Advisory,37.68,0,81,7,1,4.0,1,1,0
SYN00216,Junior Associate,Junior,Other,Other,35.89,0,81,10,1,11.0,1,0,0
SYN00217,Junior Associate,Junior,Other,Corporate Transactions & Advisory,,0,81,4,1,12.0,1,1,0
SYN00218,Mid-Level Associate,Senior,Other,Other,30.2,0,81,77,1,23.0,1,1,0
SYN00219,Trainees,Junior,London,Other,40.01,0,81,6,1,,0,0,0
SYN00220,Mid-Level Associate,Senior,Paris,Corporate Group,,0,81,55,1,10.0,1,1,0
SYN00221,Mid-Level Associate,Senior,London,Other,25.37,0,81,66,1,10.0,1,0,0
SYN00222,Partner,Senior,London,Antitrust,48.38,6,81,16,1,22.0,1,0,0
SYN00223,Junior Associate,Junior,Other,Other,30.84,0,81,10,1,21.0,1,1,0
SYN00224,Trainees,Junior,Frankfurt,Corporate Transactions & Advisory,55.19,0,73,28,1,9.0,1,0,0
SYN00225,Senior Associate,Senior,London,Funds & Asset Management,57.52,0,81,14,1,9.0,1,1,0
SYN00226,Trainees,Junior,New York,Other,26.6,1,81,29,1,5.0,1,0,0
SYN00227,Senior Associate,Senior,New York,Other,37.34,0,64,57,1,4.0,1,1,0
SYN00228,Junior Associate,Junior,Other,Corporate Group,45.27,38,81,38,1,,0,0,0
SYN00229,Trainees,Junior,Madrid,Projects,,15,81,15,1,3.0,1,1,0
SYN00230,Trainees,Junior,London,Other,,0,59,27,1,,0,0,0
SYN00231,Partner,Senior,Other,Corporate Transactions & Advisory,36.84,45,81,45,1,11.0,1,1,0
SYN00232,Junior Associate,Junior,London,Other,,0,81,43,1,,0,0,0
SYN00233,Counsel,Senior,Hong Kong,Other,55.32,35,81,58,1,5.0,1,0,0
SYN00234,Mid-Level Associate,Senior,Madrid,Private Equity,38.76,8,81,13,1,,0,0,0
SYN00235,Junior Associate,Junior,Paris,Other,41.34,5,81,8,1,58.0,1,0,0
SYN00236,Junior Associate,Junior,Other,Capital Markets,24.77,0,69,26,1,26.0,1,0,0
SYN00237,Mid-Level Associate,Senior,New York,Other,33.99,0,52,15,1,15.0,1,1,0
SYN00238,Partner,Senior,Madrid,Corporate Group,,17,81,17,1,5.0,1,0,0
SYN00239,Senior Associate,Senior,Madrid,Private Equity,9.09,23,81,23,1,14.0,1,1,0
SYN00240,Partner,Senior,London,Other,52.87,0,81,47,1,6.0,1,0,0
SYN00241,Partner,Senior,Other,Other,31.94,0,81,3,1,5.0,1,0,0
SYN00242,Junior Associate,Junior,Other,Litigation,31.99,0,81,36,1,7.0,1,0,0
SYN00243,Partner,Senior,London,Other,35.47,3,46,6,1,9.0,1,0,0
SYN00244,Mid-Level Associate,Senior,Other,Private Equity,,0,81,74,1,47.0,1,0,0
SYN00245,Junior Associate,Junior,Hong Kong,Corporate Transactions & Advisory,27.6,1,81,6,1,5.0,1,0,0
SYN00246,Junior Associate,Junior,New York,Other,26.25,29,46,29,1,3.0,1,1,0
SYN00247,Other,Junior,Other,Corporate Transactions & Advisory,,0,81,71,1,1.0,1,1,0
SYN00248,Senior Associate,Senior,Amsterdam,Other,56.15,4,81,7,1,48.0,1,0,0
SYN00249,Partner,Senior,Other,Other,,0,81,6,1,4.0,1,1,0
SYN00250,Partner,Senior,Frankfurt,Litigation,,1,81,31,1,7.0,1,1,0
SYN00251,Junior Associate,Junior,London,Corporate Transactions & Advisory,22.57,3,81,52,1,10.0,1,0,0
SYN00252,Trainees,Junior,Amsterdam,Antitrust,40.27,0,81,73,1,,0,0,0
SYN00253,Trainees,Junior,London,Corporate Group,,0,52,26,1,26.0,1,0,0
SYN00254,Partner,Senior,Amsterdam,Antitrust,,0,81,12,1,2.0,1,1,0
SYN00255,Trainees,Junior,Other,Other,41.53,11,47,25,1,0.0,1,1,0
SYN00256,Trainees,Junior,Other,Other,70.9,0,60,21,1,28.0,1,0,0
SYN00257,Partner,Senior,New York,Litigation,,13,54,13,1,49.0,1,0,0
SYN00258,Junior Associate,Junior,Other,Other,45.82,0,81,19,1,11.0,1,0,0
SYN00259,Mid-Level Associate,Senior,Other,Arbitration,,0,81,14,1,13.0,1,1,0
SYN00260,Junior Associate,Junior,Amsterdam,Arbitration,48.94,0,81,4,1,7.0,1,1,0
SYN00261,Mid-Level Associate,Senior,Luxembourg,Other,47.36,0,54,4,1,15.0,1,0,0
SYN00262,Counsel,Senior,New York,Corporate Transactions & Advisory,48.9,0,81,22,1,,0,0,0
SYN00263,Junior Associate,Junior,Other,Projects,50.73,1,81,13,1,35.0,1,0,0
SYN00264,Other,Junior,Other,Other,39.9,0,62,10,1,36.0,1,0,0
SYN00265,Trainees,Junior,London,Other,39.71,0,81,16,1,,0,0,0
SYN00266,Trainees,Junior,Other,Other,23.72,9,81,9,1,16.0,1,0,0
SYN00267,Partner,Senior,London,Corporate Transactions & Advisory,33.37,0,81,4,1,49.0,1,0,0
SYN00268,Junior Associate,Junior,London,Litigation,45.0,0,81,14,1,19.0,1,0,0
SYN00269,Trainees,Junior,Other,Other,30.75,19,62,19,1,19.0,1,0,0
SYN00270,Mid-Level Associate,Senior,Other,Projects,39.5,0,73,8,1,12.0,1,1,0
SYN00271,Partner,Senior,Madrid,Corporate Group,27.24,11,81,81,0,,0,0,0
SYN00272,Mid-Level Associate,Senior,Other,B&F Group,,0,81,34,1,21.0,1,0,0
SYN00273,Mid-Level Associate,Senior,London,Other,,0,81,21,1,12.0,1,0,0
SYN00274,Junior Associate,Junior,New York,Corporate Group,56.38,0,81,79,1,2.0,1,1,0
SYN00275,Mid-Level Associate,Senior,London,Projects,46.49,0,81,38,1,2.0,1,1,0
SYN00276,Junior Associate,Junior,Other,Arbitration,42.65,0,81,57,1,11.0,1,0,0
SYN00277,Trainees,Junior,Paris,Private Equity,,0,81,9,1,3.0,1,1,0
SYN00278,Senior Associate,Senior,London,Other,44.49,0,81,22,1,4.0,1,1,0
SYN00279,Junior Associate,Junior,London,Litigation,22.71,0,81,8,1,8.0,1,1,0
SYN00280,Other,Junior,London,Corporate Transactions & Advisory,40.53,0,56,19,1,19.0,1,0,0
SYN00281,Junior Associate,Junior,New York,Other,34.55,0,81,81,0,6.0,1,0,0
SYN00282,Junior Associate,Junior,Madrid,Other,54.22,0,81,26,1,8.0,1,1,0
SYN00283,Junior Associate,Junior,Frankfurt,Litigation,,0,81,21,1,21.0,1,1,0
SYN00284,Mid-Level Associate,Senior,London,Projects,30.84,0,81,81,0,1.0,1,0,0
SYN00285,Trainees,Junior,Frankfurt,Other,36.22,0,81,26,1,26.0,1,0,0
SYN00286,Mid-Level Associate,Senior,Other,Other,21.53,55,81,55,1,20.0,1,0,0
SYN00287,Mid-Level Associate,Senior,Paris,Other,52.57,0,74,49,1,23.0,1,0,0
SYN00288,Junior Associate,Junior,Paris,Corporate Transactions & Advisory,,0,81,49,1,2.0,1,1,0
SYN00289,Partner,Senior,Other,Other,34.49,0,81,9,1,3.0,1,1,0
SYN00290,Counsel,Senior,Madrid,Other,40.38,11,81,32,1,7.0,1,1,0
SYN00291,Junior Associate,Junior,Other,Private Equity,,27,81,27,1,10.0,1,1,0
SYN00292,Junior Associate,Junior,New York,Other,45.37,0,64,44,1,3.0,1,1,0
SYN00293,Senior Associate,Senior,Other,Corporate Group,46.16,0,81,17,1,13.0,1,1,0
SYN00294,Other,Junior,London,Corporate Group,52.26,0,81,6,1,23.0,1,1,0
SYN00295,Senior Associate,Senior,Other,Other,35.36,0,81,4,1,4.0,1,1,0
SYN00296,Junior Associate,Junior,London,Other,53.43,0,81,73,1,32.0,1,1,0
SYN00297,Trainees,Junior,Hong Kong,Other,28.25,0,81,6,1,4.0,1,1,0
SYN00298,Senior Associate,Senior,Paris,Corporate Transactions & Advisory,,0,81,47,1,35.0,1,0,0
SYN00299,Trainees,Junior,London,Other,55.79,1,81,22,1,18.0,1,0,0
SYN00300,Junior Associate,Junior,Luxembourg,Corporate Transactions & Advisory,22.18,24,81,24,1,26.0,1,1,0
SYN00301,Partner,Senior,London,Projects,18.52,23,75,23,1,14.0,1,1,0
SYN00302,Mid-Level Associate,Senior,Other,Corporate Transactions & Advisory,33.06,0,81,16,1,42.0,1,0,0
SYN00303,Junior Associate,Junior,Other,Other,23.37,0,81,3,1,12.0,1,0,0
SYN00304,Other,Junior,Frankfurt,Other,,0,81,79,1,19.0,1,0,0
SYN00305,Junior Associate,Junior,London,Corporate Transactions & Advisory,28.47,0,81,6,1,10.0,1,0,0
SYN00306,Junior Associate,Junior,London,Other,,54,81,54,1,10.0,1,0,0
SYN00307,Junior Associate,Junior,Other,Other,61.52,2,81,7,1,7.0,1,1,0
SYN00308,Trainees,Junior,Other,Other,,0,81,17,1,2.0,1,1,0
SYN00309,Trainees,Junior,Other,Other,36.17,0,81,20,1,22.0,1,0,0
SYN00310,Mid-Level Associate,Senior,New York,Corporate Transactions & Advisory,22.25,0,81,36,1,12.0,1,0,0
SYN00311,Junior Associate,Junior,Other,Other,,0,81,19,1,13.0,1,0,0
SYN00312,Junior Associate,Junior,Other,Capital Markets,,0,81,15,1,15.0,1,0,0
SYN00313,Partner,Senior,London,Other,22.17,0,50,18,1,3.0,1,0,0
SYN00314,Mid-Level Associate,Senior,Luxembourg,Corporate Transactions & Advisory,36.72,0,81,7,1,24.0,1,0,0
SYN00315,Junior Associate,Junior,Other,Arbitration,46.18,0,81,22,1,15.0,1,0,0
SYN00316,Other,Junior,Other,Arbitration,30.7,24,81,24,1,24.0,1,0,0
SYN00317,Counsel,Senior,Paris,Arbitration,,0,81,36,1,2.0,1,1,0
SYN00318,Counsel,Senior,London,Arbitration,53.33,0,81,9,1,20.0,1,0,0
SYN00319,Junior Associate,Junior,Other,Arbitration,35.72,2,81,17,1,11.0,1,0,0
SYN00320,Mid-Level Associate,Senior,London,Corporate Transactions & Advisory,20.47,0,60,13,1,30.0,1,0,0
SYN00321,Junior Associate,Junior,Other,Other,,0,81,8,1,22.0,1,0,0
SYN00322,Counsel,Senior,London,B&F Group,,0,81,5,1,1.0,1,1,0
SYN00323,Senior Associate,Senior,Other,Corporate Group,3.27,1,81,11,1,,0,0,0
SYN00324,Partner,Senior,London,Other,,2,81,10,1,51.0,1,0,0
SYN00325,Junior Associate,Junior,Other,Other,39.35,0,81,13,1,11.0,1,0,0
SYN00326,Junior Associate,Junior,Other,Corporate Group,,0,81,81,0,3.0,1,0,0
SYN00327,Partner,Senior,New York,Antitrust,60.21,0,81,50,1,30.0,1,0,0
SYN00328,Senior Associate,Senior,Amsterdam,Other,36.53,0,81,4,1,56.0,1,0,0
SYN00329,Mid-Level Associate,Senior,Paris,Other,28.0,0,81,3,1,20.0,1,1,0
SYN00330,Partner,Senior,Hong Kong,Funds & Asset Management,32.89,22,81,22,1,3.0,1,1,0
SYN00331,Partner,Senior,London,Other,44.9,0,81,17,1,22.0,1,0,0
SYN00332,Mid-Level Associate,Senior,Paris,Corporate Transactions & Advisory,,1,65,38,1,,0,0,0
SYN00333,Partner,Senior,Other,Other,27.91,0,73,22,1,22.0,1,1,0
SYN00334,Junior Associate,Junior,London,Other,36.08,0,81,22,1,11.0,1,0,0
SYN00335,Junior Associate,Junior,Paris,Funds & Asset Management,,0,81,1,1,4.0,1,1,0
SYN00336,Trainees,Junior,Hong Kong,Other,28.61,0,81,53,1,,0,0,0
SYN00337,Junior Associate,Junior,Other,Arbitration,,55,81,55,1,12.0,1,1,0
SYN00338,Junior Associate,Junior,Hong Kong,Funds & Asset Management,52.47,0,81,81,0,8.0,1,0,0
SYN00339,Partner,Senior,London,Arbitration,,0,81,28,1,2.0,1,1,0
SYN00340,Counsel,Senior,Madrid,Arbitration,38.8,2,81,30,1,30.0,1,0,0
SYN00341,Partner,Senior,Frankfurt,Private Equity,41.21,0,81,14,1,14.0,1,0,0
SYN00342,Trainees,Junior,New York,Other,,0,81,8,1,7.0,1,1,0
SYN00343,Junior Associate,Junior,Frankfurt,Other,28.82,0,81,7,1,5.0,1,1,0
SYN00344,Mid-Level Associate,Senior,Madrid,Other,46.24,0,81,60,1,62.0,1,0,0
SYN00345,Trainees,Junior,Paris,Other,,44,81,44,1,17.0,1,0,0
SYN00346,Junior Associate,Junior,New York,Corporate Group,,0,81,19,1,1.0,1,1,0
SYN00347,Trainees,Junior,Other,Other,48.65,23,81,66,1,25.0,1,0,0
SYN00348,Junior Associate,Junior,London,Other,,0,56,27,1,20.0,1,0,0
SYN00349,Counsel,Senior,Other,Arbitration,,6,81,13,1,21.0,1,1,0
SYN00350,Mid-Level Associate,Senior,New York,Arbitration,39.24,1,81,70,1,3.0,1,1,0
SYN00351,Partner,Senior,New York,Other,,0,81,42,1,19.0,1,0,0
SYN00352,Trainees,Junior,Amsterdam,Antitrust,25.0,0,81,9,1,15.0,1,0,0
SYN00353,Partner,Senior,Other,Antitrust,54.23,0,81,7,1,20.0,1,0,0
SYN00354,Partner,Senior,London,Private Equity,,0,81,81,0,4.0,1,1,0
SYN00355,Senior Associate,Senior,New York,Projects,,0,81,81,0,,0,0,0
SYN00356,Senior Associate,Senior,London,Funds & Asset Management,,0,62,25,1,25.0,1,1,0
SYN00357,Trainees,Junior,London,Other,58.94,0,81,7,1,3.0,1,1,0
SYN00358,Partner,Senior,London,Other,33.05,0,81,44,1,6.0,1,1,0
SYN00359,Junior Associate,Junior,Other,Other,,6,70,10,1,19.0,1,0,0
SYN00360,Trainees,Junior,London,Other,46.41,1,81,30,1,1.0,1,1,0
SYN00361,Junior Associate,Junior,Other,Other,42.06,0,67,24,1,15.0,1,0,0
SYN00362,Counsel,Senior,London,Corporate Group,1.45,0,81,15,1,28.0,1,0,0
SYN00363,Junior Associate,Junior,Hong Kong,Corporate Transactions & Advisory,30.5,21,81,21,1,32.0,1,0,0
SYN00364,Counsel,Senior,Other,Other,,0,81,56,1,30.0,1,0,0
SYN00365,Mid-Level Associate,Senior,New York,Other,36.85,0,81,13,1,21.0,1,0,0
SYN00366,Partner,Senior,Madrid,Other,47.29,0,81,81,0,,0,0,0
SYN00367,Mid-Level Associate,Senior,Paris,Other,,0,81,13,1,6.0,1,1,0
SYN00368,Partner,Senior,New York,Other,35.13,0,81,16,1,0.0,1,1,0
SYN00369,Partner,Senior,Luxembourg,Other,47.83,0,81,9,1,8.0,1,0,0
SYN00370,Partner,Senior,London,Funds & Asset Management,48.32,0,81,14,1,12.0,1,0,0
SYN00371,Counsel,Senior,Other,Corporate Transactions & Advisory,31.11,0,81,26,1,11.0,1,0,0
SYN00372,Trainees,Junior,New York,Other,30.76,11,81,11,1,8.0,1,0,0
SYN00373,Partner,Senior,London,Arbitration,,0,81,12,1,,0,0,0
SYN00374,Junior Associate,Junior,Other,Litigation,52.47,0,81,6,1,27.0,1,0,0
SYN00375,Counsel,Senior,Other,Other,56.6,0,81,81,0,40.0,1,0,0
SYN00376,Junior Associate,Junior,London,Capital Markets,39.47,0,81,12,1,8.0,1,0,0
SYN00377,Junior Associate,Junior,Luxembourg,Corporate Group,45.42,0,81,7,1,1.0,1,1,0
SYN00378,Mid-Level Associate,Senior,Amsterdam,Other,,0,81,29,1,15.0,1,1,0
SYN00379,Junior Associate,Junior,London,Other,31.01,36,81,36,1,,0,0,0
SYN00380,Counsel,Senior,Paris,Other,54.42,32,71,32,1,52.0,1,0,0
SYN00381,Partner,Senior,Other,Other,46.39,0,81,9,1,2.0,1,1,0
SYN00382,Partner,Senior,London,Corporate Transactions & Advisory,41.68,0,81,18,1,,0,0,0
SYN00383,Mid-Level Associate,Senior,Paris,Other,24.61,0,81,28,1,,0,0,0
SYN00384,Partner,Senior,London,Other,42.72,0,81,17,1,77.0,1,0,0
SYN00385,Partner,Senior,Frankfurt,Corporate Transactions & Advisory,27.16,0,81,25,1,2.0,1,1,0
SYN00386,Mid-Level Associate,Senior,London,Litigation,58.22,0,81,7,1,21.0,1,0,0
SYN00387,Trainees,Junior,Other,Other,32.1,1,81,9,1,9.0,1,1,0
SYN00388,Trainees,Junior,Other,Other,,0,81,14,1,5.0,1,1,0
SYN00389,Junior Associate,Junior,London,Corporate Transactions & Advisory,39.01,0,81,26,1,8.0,1,0,0
SYN00390,Other,Junior,Other,Other,55.95,55,81,55,1,5.0,1,1,0
SYN00391,Mid-Level Associate,Senior,Paris,Corporate Transactions & Advisory,23.98,8,81,44,1,53.0,1,0,0
SYN00392,Junior Associate,Junior,Paris,Other,56.07,0,81,49,1,18.0,1,0,0
SYN00393,Partner,Senior,Luxembourg,Corporate Group,48.28,0,81,52,1,,0,0,0
SYN00394,Partner,Senior,London,Projects,38.63,7,81,21,1,13.0,1,0,0
SYN00395,Senior Associate,Senior,New York,Other,51.59,55,81,55,1,21.0,1,1,0
SYN00396,Junior Associate,Junior,Hong Kong,Corporate Transactions & Advisory,30.17,0,81,9,1,,0,0,0
SYN00397,Junior Associate,Junior,London,Other,38.31,0,81,3,1,0.0,1,0,0
SYN00398,Trainees,Junior,Amsterdam,B&F Group,61.9,0,81,5,1,6.0,1,0,0
SYN00399,Senior Associate,Senior,Frankfurt,Other,40.88,0,81,16,1,12.0,1,0,0
SYN00400,Partner,Senior,Other,Projects,33.61,23,81,23,1,32.0,1,0,0
SYN00401,Senior Associate,Senior,Paris,Other,,0,81,33,1,,0,0,0
SYN00402,Junior Associate,Junior,London,Corporate Group,28.82,0,81,81,0,18.0,1,1,0
SYN00403,Partner,Senior,Other,Funds & Asset Management,49.69,0,81,81,0,14.0,1,0,0
SYN00404,Partner,Senior,Luxembourg,B&F Group,41.98,0,81,2,1,,0,0,0
SYN00405,Junior Associate,Junior,London,Other,48.59,0,81,63,1,49.0,1,0,0
SYN00406,Partner,Senior,Paris,Corporate Group,28.85,0,79,16,1,15.0,1,0,0
SYN00407,Junior Associate,Junior,London,Corporate Transactions & Advisory,42.22,4,81,39,1,25.0,1,0,0
SYN00408,Partner,Senior,Other,Corporate Group,40.54,55,56,56,1,26.0,1,1,0
SYN00409,Trainees,Junior,London,Other,35.0,8,81,70,1,70.0,1,1,0
SYN00410,Counsel,Senior,Luxembourg,Corporate Group,26.27,0,52,11,1,49.0,1,0,0
SYN00411,Junior Associate,Junior,Other,Antitrust,41.51,0,81,7,1,7.0,1,0,0
SYN00412,Junior Associate,Junior,London,Litigation,30.65,0,45,13,1,10.0,1,1,0
SYN00413,Partner,Senior,London,B&F Group,57.66,49,81,69,1,,0,0,0
SYN00414,Mid-Level Associate,Senior,London,Litigation,47.11,0,81,5,1,,0,0,0
SYN00415,Counsel,Senior,Paris,Projects,44.81,0,81,39,1,,0,0,0
SYN00416,Junior Associate,Junior,Frankfurt,Capital Markets,20.78,0,81,25,1,14.0,1,1,0
SYN00417,Junior Associate,Junior,Other,Corporate Transactions & Advisory,55.29,0,81,40,1,11.0,1,0,0
SYN00418,Junior Associate,Junior,London,Antitrust,53.59,0,81,45,1,45.0,1,1,0
SYN00419,Trainees,Junior,Other,Private Equity,41.32,0,81,24,1,,0,0,0
SYN00420,Partner,Senior,Other,Other,28.86,0,81,13,1,35.0,1,1,0
SYN00421,Partner,Senior,Amsterdam,Corporate Group,41.28,0,81,3,1,15.0,1,0,0
SYN00422,Junior Associate,Junior,New York,Other,47.87,1,81,22,1,19.0,1,0,0
SYN00423,Mid-Level Associate,Senior,Paris,Corporate Group,60.9,0,81,18,1,9.0,1,1,0
SYN00424,Mid-Level Associate,Senior,London,Other,,0,81,7,1,1.0,1,1,0
SYN00425,Partner,Senior,London,Projects,,1,81,8,1,9.0,1,1,0
SYN00426,Counsel,Senior,Hong Kong,Corporate Group,32.58,0,81,6,1,,0,0,0
SYN00427,Junior Associate,Junior,Hong Kong,Corporate Group,58.75,0,81,21,1,19.0,1,1,0
SYN00428,Counsel,Senior,Other,Corporate Group,,0,81,31,1,,0,0,0
SYN00429,Partner,Senior,Other,Other,43.69,0,81,42,1,15.0,1,0,0
SYN00430,Junior Associate,Junior,Frankfurt,Antitrust,32.65,1,60,60,0,,0,0,0
SYN00431,Junior Associate,Junior,Other,Private Equity,,0,81,12,1,5.0,1,1,0
SYN00432,Partner,Senior,London,Funds & Asset Management,42.87,34,81,34,1,43.0,1,0,0
SYN00433,Counsel,Senior,Other,Other,55.54,22,81,28,1,31.0,1,0,0
SYN00434,Mid-Level Associate,Senior,London,Other,33.61,9,81,16,1,5.0,1,1,0
SYN00435,Junior Associate,Junior,Paris,Antitrust,38.71,12,81,12,1,50.0,1,0,0
SYN00436,Counsel,Senior,London,Other,,10,81,57,1,,0,0,0
SYN00437,Partner,Senior,London,Corporate Transactions & Advisory,,0,81,36,1,5.0,1,0,0
SYN00438,Other,Junior,Madrid,Other,18.16,0,81,40,1,3.0,1,1,0
SYN00439,Trainees,Junior,Other,Litigation,,0,81,45,1,3.0,1,1,0
SYN00440,Junior Associate,Junior,Other,Other,30.61,0,81,23,1,23.0,1,1,0
SYN00441,Trainees,Junior,London,Corporate Transactions & Advisory,42.59,0,81,10,1,4.0,1,1,0
SYN00442,Junior Associate,Junior,Other,Other,34.52,0,81,12,1,,0,0,0
SYN00443,Junior Associate,Junior,Other,Other,,0,64,57,1,4.0,1,1,0
SYN00444,Other,Junior,London,Other,,0,81,66,1,2.0,1,1,0
SYN00445,Trainees,Junior,Hong Kong,Other,,0,81,16,1,2.0,1,1,0
SYN00446,Junior Associate,Junior,Frankfurt,Corporate Transactions & Advisory,26.4,0,81,20,1,20.0,1,1,0
SYN00447,Junior Associate,Junior,Other,Funds & Asset Management,,0,81,32,1,38.0,1,0,0
SYN00448,Partner,Senior,London,Other,58.96,0,81,18,1,17.0,1,0,0
SYN00449,Junior Associate,Junior,Paris,Corporate Transactions & Advisory,38.22,0,81,9,1,10.0,1,0,0
SYN00450,Partner,Senior,Other,Projects,36.38,0,81,28,1,12.0,1,0,0
SYN00451,Partner,Senior,London,Other,12.14,36,81,36,1,22.0,1,0,0
SYN00452,Mid-Level Associate,Senior,New York,Private Equity,,0,81,32,1,32.0,1,1,0
SYN00453,Counsel,Senior,Paris,Corporate Group,33.88,0,81,72,1,81.0,1,0,0
SYN00454,Trainees,Junior,New York,Other,38.77,7,81,11,1,4.0,1,1,0
SYN00455,Mid-Level Associate,Senior,Paris,Projects,49.88,0,81,20,1,1.0,1,1,0
SYN00456,Junior Associate,Junior,Other,Corporate Transactions & Advisory,,8,81,19,1,19.0,1,0,0
SYN00457,Partner,Senior,Other,Other,51.65,0,52,18,1,18.0,1,1,0
SYN00458,Mid-Level Associate,Senior,London,Corporate Transactions & Advisory,28.85,40,81,40,1,26.0,1,0,0
SYN00459,Senior Associate,Senior,Amsterdam,Corporate Transactions & Advisory,40.54,13,48,24,1,2.0,1,1,0
SYN00460,Junior Associate,Junior,Luxembourg,Other,46.01,0,81,42,1,,0,0,0
SYN00461,Mid-Level Associate,Senior,Other,Corporate Transactions & Advisory,12.18,24,81,24,1,1.0,1,0,0
SYN00462,Mid-Level Associate,Senior,Other,Other,39.65,0,81,5,1,15.0,1,0,0
SYN00463,Counsel,Senior,Luxembourg,Litigation,33.41,13,81,43,1,5.0,1,1,0
SYN00464,Counsel,Senior,Other,Corporate Group,35.47,15,81,43,1,6.0,1,0,0
SYN00465,Partner,Senior,Hong Kong,Litigation,38.57,0,81,51,1,13.0,1,0,0
SYN00466,Junior Associate,Junior,London,Other,23.66,0,79,1,1,1.0,1,0,0
SYN00467,Partner,Senior,Amsterdam,Litigation,43.88,1,81,34,1,12.0,1,0,0
SYN00468,Junior Associate,Junior,Frankfurt,Arbitration,36.51,0,81,2,1,12.0,1,0,0
SYN00469,Senior Associate,Senior,London,Private Equity,43.27,0,81,43,1,,0,0,0
SYN00470,Junior Associate,Junior,Other,Litigation,37.39,0,52,42,1,10.0,1,0,0
SYN00471,Partner,Senior,Other,Other,35.06,0,81,12,1,8.0,1,0,0
SYN00472,Junior Associate,Junior,London,Other,22.56,1,81,3,1,1.0,1,1,0
SYN00473,Partner,Senior,Other,Other,50.29,0,81,13,1,0.0,1,1,0
SYN00474,Trainees,Junior,Other,Corporate Transactions & Advisory,35.04,0,81,10,1,0.0,1,0,0
SYN00475,Partner,Senior,Hong Kong,Corporate Transactions & Advisory,56.78,0,81,81,0,4.0,1,1,0
SYN00476,Junior Associate,Junior,London,Other,,0,81,8,1,3.0,1,1,0
SYN00477,Senior Associate,Senior,Paris,Other,,31,81,81,0,,0,0,0
SYN00478,Partner,Senior,Other,Arbitration,36.39,0,81,10,1,2.0,1,1,0
SYN00479,Junior Associate,Junior,Other,Corporate Group,22.5,0,81,32,1,18.0,1,1,0
SYN00480,Junior Associate,Junior,Other,Projects,28.57,0,81,29,1,19.0,1,0,0
SYN00481,Junior Associate,Junior,Other,Other,,0,81,6,1,3.0,1,1,0
SYN00482,Senior Associate,Senior,London,Antitrust,43.59,0,81,19,1,21.0,1,1,0
SYN00483,Junior Associate,Junior,Amsterdam,Arbitration,35.76,13,51,13,1,13.0,1,1,0
SYN00484,Partner,Senior,Other,Arbitration,15.69,36,81,36,1,2.0,1,1,0
SYN00485,Counsel,Senior,Other,Other,44.7,1,81,9,1,,0,0,0
SYN00486,Partner,Senior,Paris,Other,,0,81,71,1,2.0,1,1,0
SYN00487,Junior Associate,Junior,Other,Corporate Group,48.59,0,60,32,1,15.0,1,1,0
SYN00488,Mid-Level Associate,Senior,New York,Antitrust,26.56,0,81,13,1,10.0,1,1,0
SYN00489,Partner,Senior,London,Other,,0,81,34,1,34.0,1,0,0
SYN00490,Trainees,Junior,New York,Other,47.0,0,81,56,1,6.0,1,1,0
SYN00491,Partner,Senior,Amsterdam,Arbitration,,1,81,4,1,2.0,1,1,0
SYN00492,Junior Associate,Junior,New York,Other,32.13,0,81,24,1,,0,0,0
SYN00493,Junior Associate,Junior,Other,Antitrust,37.71,48,81,48,1,5.0,1,0,0
SYN00494,Junior Associate,Junior,Other,Other,,0,81,5,1,25.0,1,0,0
SYN00495,Junior Associate,Junior,Other,Corporate Transactions & Advisory,,16,49,16,1,,0,0,0
SYN00496,Partner,Senior,Other,Other,34.27,0,81,13,1,,0,0,0
SYN00497,Other,Junior,London,Capital Markets,45.3,0,81,5,1,47.0,1,0,0
SYN00498,Other,Junior,London,Antitrust,45.44,1,81,9,1,,0,0,0
SYN00499,Partner,Senior,Paris,Other,30.5,0,81,34,1,21.0,1,0,0
SYN00500,Mid-Level Associate,Senior,Other,Other,30.68,13,81,13,1,7.0,1,0,0
SYN00501,Junior Associate,Junior,Luxembourg,Other,31.59,0,81,17,1,,0,0,0
SYN00502,Partner,Senior,Other,Other,20.13,0,81,9,1,1.0,1,1,0
SYN00503,Partner,Senior,Hong Kong,Funds & Asset Management,26.33,0,81,4,1,31.0,1,0,0
SYN00504,Senior Associate,Senior,Other,Other,30.2,0,66,66,0,4.0,1,1,0
SYN00505,Mid-Level Associate,Senior,Frankfurt,Corporate Group,15.82,0,81,10,1,,0,0,0
SYN00506,Counsel,Senior,London,Funds & Asset Management,,0,81,25,1,5.0,1,0,0
SYN00507,Junior Associate,Junior,Madrid,Other,21.66,18,81,39,1,12.0,1,0,0
SYN00508,Junior Associate,Junior,Other,Funds & Asset Management,,0,81,36,1,22.0,1,1,0
SYN00509,Senior Associate,Senior,Other,B&F Group,22.16,0,67,67,0,,0,0,0
SYN00510,Junior Associate,Junior,London,Other,41.06,0,81,39,1,5.0,1,1,0
SYN00511,Mid-Level Associate,Senior,London,Other,44.7,0,81,17,1,,0,0,0
SYN00512,Partner,Senior,Other,Other,36.47,0,81,14,1,12.0,1,1,0
SYN00513,Partner,Senior,Frankfurt,Other,54.4,0,81,12,1,3.0,1,1,0
SYN00514,Junior Associate,Junior,Other,Litigation,42.74,14,81,21,1,7.0,1,1,0
SYN00515,Junior Associate,Junior,Other,Arbitration,45.81,47,57,47,1,18.0,1,1,0
SYN00516,Junior Associate,Junior,Other,Corporate Transactions & Advisory,37.85,24,81,36,1,4.0,1,1,0
SYN00517,Junior Associate,Junior,Paris,B&F Group,,0,81,34,1,14.0,1,1,0
SYN00518,Mid-Level Associate,Senior,Frankfurt,Corporate Transactions & Advisory,47.37,0,60,4,1,,0,0,0
SYN00519,Partner,Senior,Paris,Antitrust,34.77,0,73,28,1,,0,0,0
SYN00520,Junior Associate,Junior,Frankfurt,B&F Group,29.26,0,81,72,1,52.0,1,0,0
SYN00521,Trainees,Junior,New York,Other,40.29,7,81,81,0,4.0,1,1,0
SYN00522,Other,Junior,Other,Other,30.91,0,81,19,1,7.0,1,0,0
SYN00523,Partner,Senior,Madrid,Other,57.21,0,81,9,1,2.0,1,1,0
SYN00524,Mid-Level Associate,Senior,Madrid,Other,22.34,0,71,4,1,46.0,1,0,0
SYN00525,Other,Junior,London,Projects,,0,81,2,1,46.0,1,0,0
SYN00526,Mid-Level Associate,Senior,London,Other,63.1,0,81,13,1,13.0,1,0,0
SYN00527,Mid-Level Associate,Senior,Madrid,Antitrust,30.02,16,81,47,1,12.0,1,0,0
SYN00528,Partner,Senior,London,Antitrust,,0,75,10,1,6.0,1,1,0
SYN00529,Partner,Senior,Luxembourg,Other,,0,81,3,1,14.0,1,1,0
SYN00530,Partner,Senior,Madrid,Antitrust,45.67,0,81,81,0,38.0,1,0,0
SYN00531,Mid-Level Associate,Senior,London,Funds & Asset Management,,0,81,2,1,16.0,1,0,0
SYN00532,Junior Associate,Junior,London,Other,45.36,0,81,2,1,8.0,1,1,0
SYN00533,Junior Associate,Junior,Hong Kong,Antitrust,25.55,0,52,16,1,16.0,1,0,0
SYN00534,Partner,Senior,Frankfurt,Capital Markets,40.46,55,81,55,1,7.0,1,1,0
SYN00535,Mid-Level Associate,Senior,Other,Corporate Transactions & Advisory,10.19,0,66,11,1,3.0,1,1,0
SYN00536,Trainees,Junior,Other,Arbitration,7.33,28,74,28,1,8.0,1,0,0
SYN00537,Junior Associate,Junior,London,Capital Markets,50.28,0,81,4,1,31.0,1,0,0
SYN00538,Other,Junior,Other,Other,53.35,11,81,81,0,53.0,1,0,0
SYN00539,Partner,Senior,Other,Corporate Transactions & Advisory,40.96,0,81,27,1,9.0,1,0,0
SYN00540,Partner,Senior,London,Other,49.27,0,81,18,1,24.0,1,0,0
SYN00541,Other,Junior,Amsterdam,Other,33.95,0,81,28,1,0.0,1,0,0
SYN00542,Counsel,Senior,Other,Funds & Asset Management,,0,81,74,1,22.0,1,0,0
SYN00543,Junior Associate,Junior,Amsterdam,Other,22.01,0,81,8,1,4.0,1,1,0
SYN00544,Partner,Senior,Hong Kong,Corporate Group,47.93,0,81,5,1,5.0,1,1,0
SYN00545,Partner,Senior,New York,Capital Markets,,0,76,15,1,67.0,1,0,0
SYN00546,Trainees,Junior,Other,Projects,73.39,0,61,12,1,1.0,1,0,0
SYN00547,Junior Associate,Junior,Paris,Other,67.8,0,81,17,1,3.0,1,1,0
SYN00548,Partner,Senior,Other,Other,33.44,0,81,2,1,,0,0,0
SYN00549,Other,Junior,Other,B&F Group,38.94,4,52,11,1,5.0,1,1,0
SYN00550,Senior Associate,Senior,London,Funds & Asset Management,,0,81,52,1,15.0,1,0,0
SYN00551,Counsel,Senior,London,Corporate Group,,0,81,37,1,,0,0,0
SYN00552,Junior Associate,Junior,Other,Other,33.98,0,81,81,0,24.0,1,0,0
SYN00553,Junior Associate,Junior,London,Other,29.7,0,81,1,1,5.0,1,0,0
SYN00554,Junior Associate,Junior,London,Capital Markets,24.44,0,81,12,1,2.0,1,0,0
SYN00555,Junior Associate,Junior,Amsterdam,Corporate Transactions & Advisory,43.88,10,81,10,1,1.0,1,1,0
SYN00556,Junior Associate,Junior,Other,Litigation,,0,81,39,1,10.0,1,1,0
SYN00557,Partner,Senior,Other,Arbitration,,0,81,81,0,3.0,1,0,0
SYN00558,Counsel,Senior,Amsterdam,Other,18.06,0,81,15,1,20.0,1,0,0
SYN00559,Mid-Level Associate,Senior,Amsterdam,Other,44.24,0,81,81,0,34.0,1,0,0
SYN00560,Senior Associate,Senior,Other,Arbitration,21.15,1,63,46,1,,0,0,0
SYN00561,Partner,Senior,Other,Other,,0,81,6,1,3.0,1,1,0
SYN00562,Junior Associate,Junior,New York,Other,36.17,0,81,18,1,17.0,1,1,0
SYN00563,Mid-Level Associate,Senior,London,Corporate Transactions & Advisory,,0,81,81,0,,0,0,0
SYN00564,Junior Associate,Junior,London,Capital Markets,28.73,0,81,1,1,66.0,1,0,0
SYN00565,Senior Associate,Senior,Amsterdam,Capital Markets,42.73,0,81,47,1,11.0,1,0,0
SYN00566,Senior Associate,Senior,Other,Corporate Transactions & Advisory,7.64,0,81,7,1,7.0,1,0,0
SYN00567,Mid-Level Associate,Senior,Luxembourg,B&F Group,35.26,21,81,81,0,71.0,1,0,0
SYN00568,Trainees,Junior,Other,Arbitration,54.88,9,81,24,1,6.0,1,1,0
SYN00569,Senior Associate,Senior,Paris,Other,,0,72,3,1,3.0,1,0,0
SYN00570,Partner,Senior,Frankfurt,Other,32.65,0,78,27,1,27.0,1,1,0
SYN00571,Trainees,Junior,Paris,Arbitration,,0,81,41,1,4.0,1,0,0
SYN00572,Counsel,Senior,Madrid,Other,25.89,16,77,17,1,7.0,1,0,0
SYN00573,Senior Associate,Senior,London,Other,34.54,7,81,7,1,57.0,1,0,0
SYN00574,Counsel,Senior,New York,Other,44.71,3,81,35,1,35.0,1,1,0
SYN00575,Junior Associate,Junior,Other,Corporate Group,56.64,0,81,26,1,26.0,1,0,0
SYN00576,Partner,Senior,Other,Corporate Transactions & Advisory,,0,49,30,1,1.0,1,1,0
SYN00577,Partner,Senior,London,Capital Markets,,11,81,81,0,9.0,1,0,0
SYN00578,Junior Associate,Junior,New York,Projects,79.43,0,51,22,1,18.0,1,0,0
SYN00579,Junior Associate,Junior,London,Corporate Group,,0,81,63,1,2.0,1,1,0
SYN00580,Partner,Senior,Frankfurt,Other,39.52,0,66,66,0,,0,0,0
SYN00581,Counsel,Senior,London,Other,37.15,10,81,31,1,67.0,1,0,0
SYN00582,Trainees,Junior,New York,Corporate Group,,19,81,48,1,10.0,1,1,0
SYN00583,Trainees,Junior,London,Other,20.1,8,81,37,1,,0,0,0
SYN00584,Mid-Level Associate,Senior,London,Other,,0,81,81,0,5.0,1,0,0
SYN00585,Trainees,Junior,Other,Other,,19,81,19,1,2.0,1,1,0
SYN00586,Counsel,Senior,Other,Antitrust,43.12,0,81,81,0,4.0,1,1,0
SYN00587,Mid-Level Associate,Senior,Amsterdam,Projects,,0,81,81,0,16.0,1,0,0
SYN00588,Junior Associate,Junior,Other,Litigation,48.35,19,81,23,1,,0,0,0
SYN00589,Junior Associate,Junior,London,Corporate Group,44.78,14,81,14,1,42.0,1,1,0
SYN00590,Junior Associate,Junior,Other,Funds & Asset Management,50.73,0,81,18,1,2.0,1,0,0
SYN00591,Partner,Senior,London,Private Equity,16.25,17,81,17,1,15.0,1,1,0
SYN00592,Mid-Level Associate,Senior,Other,Corporate Group,48.61,0,81,21,1,21.0,1,0,0
SYN00593,Junior Associate,Junior,London,Other,27.2,10,81,81,0,7.0,1,1,0
SYN00594,Partner,Senior,Hong Kong,Other,32.41,0,81,13,1,19.0,1,0,0
SYN00595,Senior Associate,Senior,Other,Corporate Group,19.15,13,81,81,0,8.0,1,0,0
SYN00596,Junior Associate,Junior,New York,B&F Group,63.57,8,75,8,1,11.0,1,0,0
SYN00597,Junior Associate,Junior,Paris,Private Equity,55.03,4,81,11,1,5.0,1,1,0
SYN00598,Partner,Senior,New York,Other,41.73,0,81,8,1,11.0,1,1,0
SYN00599,Junior Associate,Junior,Other,Other,31.71,0,81,10,1,,0,0,0
SYN00600,Trainees,Junior,London,Other,28.96,0,81,2,1,11.0,1,0,0
SYN00601,Trainees,Junior,Madrid,B&F Group,26.21,1,81,81,0,62.0,1,0,0
SYN00602,Partner,Senior,London,Corporate Transactions & Advisory,,0,81,53,1,2.0,1,1,0
SYN00603,Trainees,Junior,London,Other,29.91,0,81,65,1,4.0,1,1,0
SYN00604,Mid-Level Associate,Senior,Paris,Arbitration,48.99,0,81,3,1,,0,0,0
SYN00605,Senior Associate,Senior,Other,Other,70.97,0,81,26,1,2.0,1,1,0
SYN00606,Trainees,Junior,Amsterdam,Corporate Group,35.95,25,81,55,1,8.0,1,0,0
SYN00607,Counsel,Senior,Paris,Capital Markets,59.26,20,81,21,1,3.0,1,1,0
SYN00608,Junior Associate,Junior,London,Other,37.32,0,81,13,1,1.0,1,0,0
SYN00609,Junior Associate,Junior,Hong Kong,Projects,49.61,0,81,11,1,3.0,1,1,0
SYN00610,Trainees,Junior,Luxembourg,Other,36.67,0,81,11,1,2.0,1,1,0
SYN00611,Trainees,Junior,Paris,Antitrust,,29,81,74,1,50.0,1,0,0
SYN00612,Junior Associate,Junior,London,Capital Markets,33.93,0,81,81,0,12.0,1,1,0
SYN00613,Mid-Level Associate,Senior,Hong Kong,Other,20.29,0,81,8,1,27.0,1,1,0
SYN00614,Junior Associate,Junior,Hong Kong,Corporate Transactions & Advisory,37.84,0,81,10,1,9.0,1,1,0
SYN00615,Senior Associate,Senior,Other,Projects,59.77,0,81,2,1,26.0,1,0,0
SYN00616,Trainees,Junior,Paris,Corporate Transactions & Advisory,61.71,0,81,15,1,,0,0,0
SYN00617,Counsel,Senior,Paris,Arbitration,,0,81,21,1,33.0,1,0,0
SYN00618,Partner,Senior,London,Arbitration,,55,56,55,1,55.0,1,1,0
SYN00619,Mid-Level Associate,Senior,Other,Private Equity,38.36,0,81,3,1,5.0,1,0,0
SYN00620,Trainees,Junior,Paris,Other,44.95,0,81,27,1,22.0,1,0,0
SYN00621,Junior Associate,Junior,London,Projects,,0,81,13,1,0.0,1,1,0
SYN00622,Partner,Senior,London,Other,33.04,1,46,46,0,,0,0,0
SYN00623,Mid-Level Associate,Senior,Luxembourg,Projects,,0,81,25,1,,0,0,0
SYN00624,Junior Associate,Junior,London,Corporate Transactions & Advisory,10.48,0,81,16,1,3.0,1,1,0
SYN00625,Junior Associate,Junior,Hong Kong,Litigation,21.03,0,81,52,1,36.0,1,0,0
SYN00626,Trainees,Junior,London,Funds & Asset Management,59.58,0,81,22,1,9.0,1,1,0
SYN00627,Other,Junior,Other,B&F Group,53.83,0,81,27,1,12.0,1,0,0
SYN00628,Partner,Senior,Paris,Corporate Transactions & Advisory,30.69,0,81,22,1,21.0,1,1,0
SYN00629,Mid-Level Associate,Senior,Other,Arbitration,35.89,32,56,32,1,18.0,1,0,0
SYN00630,Trainees,Junior,New York,Other,60.77,0,61,14,1,36.0,1,0,0
SYN00631,Junior Associate,Junior,Madrid,Corporate Group,54.36,23,57,23,1,16.0,1,0,0
SYN00632,Partner,Senior,Other,Corporate Transactions & Advisory,60.79,0,81,3,1,10.0,1,0,0
SYN00633,Junior Associate,Junior,Other,Other,,0,80,18,1,1.0,1,1,0
SYN00634,Junior Associate,Junior,New York,Corporate Group,34.35,1,81,10,1,1.0,1,0,0
SYN00635,Partner,Senior,Paris,Corporate Group,14.58,15,81,33,1,43.0,1,0,0
SYN00636,Senior Associate,Senior,Other,Other,,30,81,30,1,9.0,1,1,0
SYN00637,Other,Junior,Hong Kong,Antitrust,54.52,0,81,21,1,17.0,1,0,0
SYN00638,Trainees,Junior,Amsterdam,Corporate Transactions & Advisory,47.28,54,81,54,1,54.0,1,1,0
SYN00639,Junior Associate,Junior,London,Corporate Transactions & Advisory,36.17,0,81,24,1,8.0,1,0,0
SYN00640,Senior Associate,Senior,New York,Other,,0,81,2,1,2.0,1,1,0
SYN00641,Trainees,Junior,London,B&F Group,31.74,55,74,55,1,,0,0,0
SYN00642,Partner,Senior,London,Other,,0,81,16,1,2.0,1,0,0
SYN00643,Junior Associate,Junior,Paris,Antitrust,11.76,0,81,22,1,8.0,1,0,0
SYN00644,Junior Associate,Junior,London,Other,23.85,0,81,11,1,40.0,1,0,0
SYN00645,Partner,Senior,Frankfurt,Corporate Group,26.84,0,81,5,1,71.0,1,0,0
SYN00646,Mid-Level Associate,Senior,London,Other,50.22,0,81,24,1,7.0,1,1,0
SYN00647,Mid-Level Associate,Senior,London,Corporate Group,41.93,0,81,2,1,7.0,1,0,0
SYN00648,Junior Associate,Junior,New York,Other,55.1,0,81,72,1,19.0,1,0,0
SYN00649,Partner,Senior,Other,Other,35.33,0,81,81,0,12.0,1,1,0
SYN00650,Senior Associate,Senior,New York,Corporate Group,42.67,0,81,40,1,24.0,1,0,0
SYN00651,Junior Associate,Junior,Other,Corporate Transactions & Advisory,32.13,32,81,49,1,11.0,1,1,0
SYN00652,Trainees,Junior,Frankfurt,Corporate Transactions & Advisory,,0,81,28,1,17.0,1,1,0
SYN00653,Trainees,Junior,Amsterdam,Other,26.89,31,81,31,1,5.0,1,0,0
SYN00654,Counsel,Senior,Paris,Arbitration,29.0,0,81,21,1,28.0,1,0,0
SYN00655,Junior Associate,Junior,Luxembourg,Capital Markets,50.35,0,81,17,1,7.0,1,1,0
SYN00656,Junior Associate,Junior,London,Projects,52.23,0,81,2,1,3.0,1,1,0
SYN00657,Mid-Level Associate,Senior,Hong Kong,Corporate Group,43.19,0,76,30,1,0.0,1,1,0
SYN00658,Mid-Level Associate,Senior,Other,Other,,0,72,72,0,70.0,1,0,0
SYN00659,Partner,Senior,Other,Other,35.26,0,81,59,1,59.0,1,0,0
SYN00660,Mid-Level Associate,Senior,London,Other,57.14,0,81,13,1,7.0,1,0,0
SYN00661,Partner,Senior,London,Projects,,0,81,4,1,4.0,1,0,0
SYN00662,Other,Junior,Paris,Corporate Transactions & Advisory,,31,81,35,1,20.0,1,1,0
SYN00663,Junior Associate,Junior,Other,Corporate Transactions & Advisory,43.91,0,81,22,1,9.0,1,0,0
SYN00664,Partner,Senior,Amsterdam,Other,,0,81,17,1,10.0,1,1,0
SYN00665,Mid-Level Associate,Senior,Other,Other,44.9,0,81,27,1,,0,0,0
SYN00666,Other,Junior,Luxembourg,Litigation,,1,81,34,1,8.0,1,0,0
SYN00667,Mid-Level Associate,Senior,Other,Corporate Transactions & Advisory,37.39,0,77,21,1,3.0,1,1,0
SYN00668,Senior Associate,Senior,Other,Other,34.27,22,81,22,1,15.0,1,1,0
SYN00669,Senior Associate,Senior,Other,Litigation,16.95,0,63,43,1,,0,0,0
SYN00670,Junior Associate,Junior,London,Projects,58.87,0,81,28,1,24.0,1,0,0
SYN00671,Mid-Level Associate,Senior,New York,Private Equity,33.66,0,81,11,1,24.0,1,0,0
SYN00672,Partner,Senior,Amsterdam,Corporate Group,,0,81,20,1,10.0,1,0,0
SYN00673,Trainees,Junior,Paris,Corporate Transactions & Advisory,,1,81,4,1,3.0,1,0,0
SYN00674,Mid-Level Associate,Senior,Other,Arbitration,54.07,0,81,81,0,51.0,1,0,0
SYN00675,Senior Associate,Senior,London,Other,22.93,1,81,1,1,20.0,1,0,0
SYN00676,Counsel,Senior,Other,Corporate Transactions & Advisory,45.57,0,81,12,1,77.0,1,0,0
SYN00677,Counsel,Senior,Other,Other,49.7,0,49,22,1,,0,0,0
SYN00678,Senior Associate,Senior,Other,Capital Markets,34.67,0,81,40,1,,0,0,0
SYN00679,Junior Associate,Junior,Madrid,Projects,39.95,0,79,11,1,2.0,1,1,0
SYN00680,Junior Associate,Junior,London,Other,45.71,1,81,24,1,1.0,1,1,0
SYN00681,Other,Junior,Luxembourg,B&F Group,39.53,1,66,43,1,2.0,1,0,0
SYN00682,Junior Associate,Junior,Other,B&F Group,20.07,0,66,29,1,1.0,1,1,0
SYN00683,Trainees,Junior,Other,Corporate Transactions & Advisory,,21,81,21,1,17.0,1,1,0
SYN00684,Junior Associate,Junior,Other,Other,,24,81,24,1,15.0,1,0,0
SYN00685,Junior Associate,Junior,London,Other,,0,81,23,1,1.0,1,1,0
SYN00686,Trainees,Junior,Paris,Corporate Transactions & Advisory,35.55,22,81,22,1,7.0,1,0,0
SYN00687,Other,Junior,Other,Litigation,23.17,0,81,29,1,22.0,1,0,0
SYN00688,Trainees,Junior,Other,Corporate Transactions & Advisory,65.42,0,81,36,1,1.0,1,0,0
SYN00689,Mid-Level Associate,Senior,London,B&F Group,30.14,0,81,28,1,3.0,1,1,0
SYN00690,Junior Associate,Junior,Madrid,Antitrust,,0,81,13,1,16.0,1,1,0
SYN00691,Trainees,Junior,Hong Kong,Projects,40.19,10,81,10,1,1.0,1,1,0
SYN00692,Partner,Senior,London,Other,34.94,0,81,14,1,63.0,1,0,0
SYN00693,Trainees,Junior,Other,Other,41.08,55,81,55,1,46.0,1,0,0
SYN00694,Partner,Senior,Other,Funds & Asset Management,40.53,8,81,18,1,5.0,1,0,0
SYN00695,Mid-Level Associate,Senior,London,Arbitration,42.18,1,81,16,1,16.0,1,1,0
SYN00696,Senior Associate,Senior,London,Other,30.61,0,81,21,1,5.0,1,1,0
SYN00697,Partner,Senior,London,Other,,0,81,21,1,50.0,1,0,0
SYN00698,Trainees,Junior,London,Other,64.89,0,68,66,1,54.0,1,0,0
SYN00699,Mid-Level Associate,Senior,New York,Other,,0,81,49,1,1.0,1,1,0
SYN00700,Junior Associate,Junior,London,Other,33.36,0,63,27,1,13.0,1,0,0
SYN00701,Trainees,Junior,Other,Antitrust,15.53,0,81,23,1,40.0,1,0,0
SYN00702,Senior Associate,Senior,London,Capital Markets,48.85,0,81,12,1,8.0,1,0,0
SYN00703,Trainees,Junior,London,Other,38.44,0,81,20,1,8.0,1,1,0
SYN00704,Partner,Senior,Other,Other,58.61,0,81,77,1,6.0,1,1,0
SYN00705,Senior Associate,Senior,Hong Kong,Other,43.61,39,81,39,1,39.0,1,1,0
SYN00706,Junior Associate,Junior,Other,Other,51.5,37,81,37,1,31.0,1,0,0
SYN00707,Junior Associate,Junior,Other,Corporate Transactions & Advisory,57.64,1,81,2,1,2.0,1,0,0
SYN00708,Partner,Senior,Other,Other,22.92,0,81,9,1,,0,0,0
SYN00709,Partner,Senior,Other,Corporate Transactions & Advisory,,0,81,81,0,5.0,1,1,0
SYN00710,Mid-Level Associate,Senior,Other,Corporate Transactions & Advisory,12.0,0,81,12,1,7.0,1,1,0
SYN00711,Other,Junior,Other,Funds & Asset Management,,0,81,81,0,6.0,1,0,0
SYN00712,Junior Associate,Junior,London,Other,48.63,0,81,25,1,25.0,1,1,0
SYN00713,Junior Associate,Junior,Other,Other,62.42,0,73,35,1,19.0,1,0,0
SYN00714,Trainees,Junior,Other,Antitrust,31.75,0,81,27,1,5.0,1,0,0
SYN00715,Junior Associate,Junior,Madrid,Corporate Transactions & Advisory,,1,81,8,1,8.0,1,1,0
SYN00716,Mid-Level Associate,Senior,London,Other,,0,81,61,1,51.0,1,0,0
SYN00717,Junior Associate,Junior,Other,Corporate Transactions & Advisory,37.66,0,81,17,1,11.0,1,0,0
SYN00718,Other,Junior,Other,Other,,0,81,12,1,3.0,1,0,0
SYN00719,Mid-Level Associate,Senior,London,Private Equity,43.13,1,81,30,1,38.0,1,0,0
SYN00720,Trainees,Junior,London,Capital Markets,,0,81,12,1,5.0,1,1,0
SYN00721,Junior Associate,Junior,Paris,Other,11.79,0,49,49,0,17.0,1,0,0
SYN00722,Partner,Senior,Other,Antitrust,37.05,18,81,81,0,12.0,1,1,0
SYN00723,Junior Associate,Junior,Other,Corporate Group,37.04,0,51,18,1,27.0,1,0,0
SYN00724,Partner,Senior,Amsterdam,B&F Group,39.7,0,69,16,1,10.0,1,1,0
SYN00725,Senior Associate,Senior,London,Other,,0,81,47,1,,0,0,0
SYN00726,Junior Associate,Junior,London,Arbitration,39.96,0,81,3,1,4.0,1,0,0
SYN00727,Junior Associate,Junior,Other,Antitrust,36.34,0,81,4,1,7.0,1,1,0
SYN00728,Junior Associate,Junior,Frankfurt,Projects,35.63,0,81,54,1,34.0,1,0,0
SYN00729,Counsel,Senior,Other,Corporate Transactions & Advisory,44.73,0,81,29,1,11.0,1,1,0
SYN00730,Junior Associate,Junior,Paris,Other,,0,81,43,1,7.0,1,1,0
SYN00731,Mid-Level Associate,Senior,New York,Other,36.27,0,81,71,1,4.0,1,1,0
SYN00732,Junior Associate,Junior,Frankfurt,Other,51.18,0,81,8,1,6.0,1,1,0
SYN00733,Mid-Level Associate,Senior,Other,Other,33.23,0,81,48,1,48.0,1,1,0
SYN00734,Mid-Level Associate,Senior,London,Other,,0,63,32,1,36.0,1,0,0
SYN00735,Mid-Level Associate,Senior,Other,Other,,0,81,5,1,14.0,1,0,0
SYN00736,Junior Associate,Junior,Other,Other,,1,81,6,1,21.0,1,0,0
SYN00737,Trainees,Junior,Paris,Corporate Transactions & Advisory,31.3,0,81,3,1,3.0,1,1,0
SYN00738,Junior Associate,Junior,Luxembourg,Litigation,,0,81,15,1,6.0,1,1,0
SYN00739,Counsel,Senior,Amsterdam,Antitrust,32.79,1,81,67,1,,0,0,0
SYN00740,Mid-Level Associate,Senior,Other,Other,45.52,32,81,32,1,52.0,1,0,0
SYN00741,Partner,Senior,London,B&F Group,24.51,7,81,19,1,34.0,1,0,0
SYN00742,Partner,Senior,London,Funds & Asset Management,34.12,0,49,49,0,4.0,1,0,0
SYN00743,Partner,Senior,Other,Other,25.37,0,81,6,1,7.0,1,1,0
SYN00744,Senior Associate,Senior,Other,Corporate Transactions & Advisory,38.74,0,81,8,1,,0,0,0
SYN00745,Senior Associate,Senior,Paris,Other,26.44,0,81,8,1,13.0,1,1,0
SYN00746,Mid-Level Associate,Senior,Other,Corporate Transactions & Advisory,,0,81,28,1,31.0,1,0,0
SYN00747,Partner,Senior,London,Capital Markets,29.55,0,81,8,1,8.0,1,1,0
SYN00748,Partner,Senior,New York,Other,,48,81,48,1,4.0,1,0,0
SYN00749,Trainees,Junior,New York,Litigation,24.51,0,81,18,1,9.0,1,0,0
SYN00750,Mid-Level Associate,Senior,Other,B&F Group,32.99,0,63,8,1,8.0,1,0,0
SYN00751,Partner,Senior,Frankfurt,Arbitration,,0,81,42,1,,0,0,0
SYN00752,Senior Associate,Senior,London,Other,40.68,0,81,81,0,2.0,1,1,0
SYN00753,Trainees,Junior,Other,Other,,26,81,26,1,16.0,1,1,0
SYN00754,Mid-Level Associate,Senior,London,Other,65.21,4,81,81,0,46.0,1,0,0
SYN00755,Trainees,Junior,Other,Litigation,42.71,0,74,26,1,10.0,1,0,0
SYN00756,Junior Associate,Junior,London,Corporate Group,,16,71,16,1,9.0,1,0,0
SYN00757,Partner,Senior,Other,Other,33.78,0,81,14,1,2.0,1,1,0
SYN00758,Partner,Senior,Madrid,Litigation,,52,81,52,1,46.0,1,0,0
SYN00759,Partner,Senior,London,Other,,0,81,9,1,,0,0,0
SYN00760,Counsel,Senior,Amsterdam,Funds & Asset Management,42.46,0,56,36,1,53.0,1,0,0
SYN00761,Mid-Level Associate,Senior,Amsterdam,Other,49.95,0,64,24,1,8.0,1,0,0
SYN00762,Junior Associate,Junior,Other,Private Equity,,0,81,41,1,3.0,1,1,0
SYN00763,Partner,Senior,Other,Other,32.26,0,81,36,1,2.0,1,1,0
SYN00764,Partner,Senior,Amsterdam,Arbitration,23.91,0,63,63,0,,0,0,0
SYN00765,Partner,Senior,Hong Kong,Other,43.77,0,81,18,1,,0,0,0
SYN00766,Counsel,Senior,Other,Projects,50.74,0,62,31,1,6.0,1,1,0
SYN00767,Junior Associate,Junior,Frankfurt,Other,,0,81,16,1,11.0,1,1,0
SYN00768,Partner,Senior,Other,Other,37.36,0,81,8,1,5.0,1,1,0
SYN00769,Junior Associate,Junior,Other,Other,53.47,0,81,54,1,16.0,1,1,0
SYN00770,Mid-Level Associate,Senior,London,Corporate Transactions & Advisory,41.23,0,81,9,1,,0,0,0
SYN00771,Senior Associate,Senior,New York,Private Equity,18.13,0,81,35,1,2.0,1,1,0
SYN00772,Counsel,Senior,Other,Other,31.69,0,81,15,1,9.0,1,1,0
SYN00773,Junior Associate,Junior,Other,Other,,0,48,45,1,38.0,1,0,0
SYN00774,Senior Associate,Senior,Other,Other,39.2,0,81,18,1,2.0,1,0,0
SYN00775,Junior Associate,Junior,Other,B&F Group,34.5,0,81,20,1,20.0,1,0,0
SYN00776,Mid-Level Associate,Senior,Other,Other,43.93,0,81,1,1,43.0,1,0,0
SYN00777,Junior Associate,Junior,New York,Other,,5,81,5,1,5.0,1,0,0
SYN00778,Junior Associate,Junior,Other,Other,,10,51,10,1,10.0,1,0,0
SYN00779,Senior Associate,Senior,London,Other,28.18,14,81,14,1,1.0,1,1,0
SYN00780,Junior Associate,Junior,Amsterdam,Funds & Asset Management,22.76,0,81,8,1,8.0,1,0,0
SYN00781,Other,Junior,London,Litigation,43.71,50,81,50,1,50.0,1,1,0
SYN00782,Partner,Senior,Other,Antitrust,,1,81,29,1,1.0,1,1,0
SYN00783,Junior Associate,Junior,Amsterdam,Corporate Transactions & Advisory,33.64,0,81,47,1,47.0,1,1,0
SYN00784,Mid-Level Associate,Senior,London,Corporate Group,41.28,0,81,10,1,29.0,1,0,0
SYN00785,Partner,Senior,London,Capital Markets,23.83,0,81,8,1,6.0,1,0,0
SYN00786,Mid-Level Associate,Senior,London,Arbitration,34.28,0,81,81,0,9.0,1,0,0
SYN00787,Junior Associate,Junior,Other,Projects,,0,81,7,1,10.0,1,1,0
SYN00788,Mid-Level Associate,Senior,London,Litigation,65.05,0,81,13,1,63.0,1,0,0
SYN00789,Partner,Senior,London,Corporate Transactions & Advisory,42.73,0,81,26,1,26.0,1,0,0
SYN00790,Junior Associate,Junior,London,Corporate Transactions & Advisory,21.88,0,81,31,1,8.0,1,0,0
SYN00791,Trainees,Junior,Other,Corporate Transactions & Advisory,66.05,1,81,13,1,14.0,1,0,0
SYN00792,Mid-Level Associate,Senior,London,Other,70.7,30,81,30,1,8.0,1,0,0
SYN00793,Trainees,Junior,London,Corporate Transactions & Advisory,36.47,8,81,19,1,3.0,1,1,0
SYN00794,Mid-Level Associate,Senior,Paris,Other,32.54,22,81,33,1,,0,0,0
SYN00795,Junior Associate,Junior,Paris,Other,,0,81,13,1,20.0,1,0,0
SYN00796,Mid-Level Associate,Senior,Other,Other,37.11,1,81,26,1,0.0,1,0,0
SYN00797,Mid-Level Associate,Senior,Luxembourg,Litigation,23.55,0,59,32,1,10.0,1,1,0
SYN00798,Mid-Level Associate,Senior,Other,Other,43.07,0,81,8,1,8.0,1,1,0
SYN00799,Mid-Level Associate,Senior,London,Other,,0,81,37,1,11.0,1,1,0
SYN00800,Trainees,Junior,Amsterdam,Other,38.92,0,62,31,1,13.0,1,0,0
SYN00801,Partner,Senior,New York,Corporate Group,21.22,43,81,43,1,39.0,1,0,0
SYN00802,Trainees,Junior,Other,Other,22.23,0,81,40,1,25.0,1,0,0
SYN00803,Junior Associate,Junior,Other,Other,60.1,0,81,12,1,7.0,1,0,0
SYN00804,Junior Associate,Junior,Other,Corporate Group,31.02,1,81,81,0,14.0,1,1,0
SYN00805,Mid-Level Associate,Senior,Other,Corporate Group,16.23,0,81,40,1,78.0,1,0,0
SYN00806,Trainees,Junior,Other,Antitrust,,0,81,31,1,14.0,1,1,0
SYN00807,Counsel,Senior,Paris,Other,51.36,22,81,27,1,27.0,1,1,0
SYN00808,Mid-Level Associate,Senior,New York,Projects,21.94,5,81,69,1,1.0,1,1,0
SYN00809,Junior Associate,Junior,London,Other,33.28,0,81,16,1,16.0,1,0,0
SYN00810,Mid-Level Associate,Senior,Paris,B&F Group,31.62,6,81,14,1,37.0,1,0,0
SYN00811,Mid-Level Associate,Senior,New York,Other,26.51,42,81,42,1,7.0,1,1,0
SYN00812,Partner,Senior,Paris,Other,,0,81,81,0,42.0,1,0,0
SYN00813,Mid-Level Associate,Senior,Other,Other,13.39,35,64,35,1,0.0,1,0,0
SYN00814,Junior Associate,Junior,London,Other,51.01,0,81,10,1,5.0,1,1,0
SYN00815,Junior Associate,Junior,Frankfurt,Corporate Transactions & Advisory,54.78,0,81,60,1,12.0,1,1,0
SYN00816,Partner,Senior,London,Funds & Asset Management,37.1,27,81,27,1,17.0,1,0,0
SYN00817,Junior Associate,Junior,New York,Antitrust,43.22,0,81,25,1,,0,0,0
SYN00818,Senior Associate,Senior,Amsterdam,Other,,0,81,33,1,69.0,1,0,0
SYN00819,Mid-Level Associate,Senior,London,Litigation,,0,81,34,1,,0,0,0
SYN00820,Mid-Level Associate,Senior,Other,Private Equity,,0,81,41,1,14.0,1,1,0
SYN00821,Senior Associate,Senior,Other,Antitrust,,0,81,81,0,16.0,1,0,0
SYN00822,Mid-Level Associate,Senior,London,Antitrust,,8,81,81,0,,0,0,0
SYN00823,Junior Associate,Junior,New York,Corporate Transactions & Advisory,37.72,28,81,28,1,71.0,1,0,0
SYN00824,Counsel,Senior,New York,Other,42.3,0,81,5,1,,0,0,0
SYN00825,Mid-Level Associate,Senior,London,Other,0.0,0,71,18,1,21.0,1,0,0
SYN00826,Trainees,Junior,London,Other,,0,60,12,1,22.0,1,1,0
SYN00827,Partner,Senior,Other,Corporate Transactions & Advisory,28.02,55,81,55,1,21.0,1,0,0
SYN00828,Trainees,Junior,Other,Corporate Transactions & Advisory,54.45,0,81,42,1,2.0,1,1,0
SYN00829,Trainees,Junior,London,Other,,0,55,55,0,15.0,1,1,0
SYN00830,Partner,Senior,London,Capital Markets,35.06,0,81,81,0,42.0,1,0,0
SYN00831,Counsel,Senior,Madrid,Corporate Transactions & Advisory,43.96,0,81,17,1,2.0,1,1,0
SYN00832,Partner,Senior,London,Other,32.3,0,81,21,1,16.0,1,0,0
SYN00833,Partner,Senior,London,Projects,17.65,0,81,11,1,11.0,1,0,0
SYN00834,Counsel,Senior,Other,Other,25.74,0,81,39,1,1.0,1,1,0
SYN00835,Junior Associate,Junior,Amsterdam,Corporate Group,38.87,33,81,33,1,8.0,1,0,0
SYN00836,Trainees,Junior,New York,Other,12.7,0,76,2,1,,0,0,0
SYN00837,Mid-Level Associate,Senior,Hong Kong,Corporate Transactions & Advisory,39.93,0,81,81,0,,0,0,0
SYN00838,Junior Associate,Junior,Other,Antitrust,31.12,0,81,12,1,22.0,1,0,0
SYN00839,Counsel,Senior,Other,Corporate Group,,0,81,43,1,,0,0,0
SYN00840,Mid-Level Associate,Senior,Frankfurt,Other,,0,81,2,1,2.0,1,0,0
SYN00841,Counsel,Senior,Other,Capital Markets,36.03,0,81,20,1,0.0,1,1,0
SYN00842,Junior Associate,Junior,Other,Other,,0,81,4,1,4.0,1,0,0
SYN00843,Senior Associate,Senior,New York,Other,41.83,1,81,27,1,2.0,1,1,0
SYN00844,Mid-Level Associate,Senior,London,Other,,0,81,7,1,7.0,1,1,0
SYN00845,Partner,Senior,Luxembourg,Other,,0,81,64,1,81.0,1,0,0
SYN00846,Mid-Level Associate,Senior,Other,Corporate Group,40.38,0,81,38,1,18.0,1,1,0
SYN00847,Junior Associate,Junior,Other,Other,,0,51,17,1,13.0,1,0,0
SYN00848,Junior Associate,Junior,Hong Kong,Corporate Group,38.29,0,58,58,0,15.0,1,0,0
SYN00849,Partner,Senior,London,Projects,14.71,0,81,50,1,74.0,1,0,0
SYN00850,Senior Associate,Senior,Madrid,Funds & Asset Management,,1,81,6,1,,0,0,0
SYN00851,Counsel,Senior,New York,Funds & Asset Management,35.37,1,81,51,1,33.0,1,0,0
SYN00852,Other,Junior,New York,Private Equity,38.31,0,65,65,0,5.0,1,1,0
SYN00853,Mid-Level Associate,Senior,Other,Funds & Asset Management,49.95,0,54,12,1,,0,0,0
SYN00854,Trainees,Junior,Other,Corporate Group,31.63,39,81,59,1,2.0,1,1,0
SYN00855,Junior Associate,Junior,Hong Kong,Private Equity,,29,81,31,1,5.0,1,1,0
SYN00856,Partner,Senior,London,Arbitration,14.56,0,81,36,1,26.0,1,0,0
SYN00857,Trainees,Junior,New York,Private Equity,46.5,0,81,61,1,14.0,1,1,0
SYN00858,Junior Associate,Junior,Amsterdam,Corporate Transactions & Advisory,,0,81,36,1,26.0,1,0,0
SYN00859,Mid-Level Associate,Senior,London,Other,38.43,0,81,31,1,31.0,1,1,0
SYN00860,Trainees,Junior,Other,Corporate Group,,0,81,14,1,5.0,1,0,0
SYN00861,Mid-Level Associate,Senior,Hong Kong,Other,44.83,37,81,37,1,49.0,1,0,0
SYN00862,Junior Associate,Junior,London,Corporate Group,41.3,0,81,56,1,56.0,1,0,0
SYN00863,Junior Associate,Junior,London,Other,,0,81,72,1,72.0,1,1,0
SYN00864,Mid-Level Associate,Senior,Other,Other,,0,81,17,1,36.0,1,0,0
SYN00865,Partner,Senior,Other,Other,41.67,0,81,41,1,4.0,1,1,0
SYN00866,Junior Associate,Junior,New York,Other,,0,81,22,1,14.0,1,0,0
SYN00867,Senior Associate,Senior,New York,Projects,28.47,45,81,45,1,28.0,1,0,0
SYN00868,Junior Associate,Junior,Hong Kong,Corporate Transactions & Advisory,,15,68,68,0,19.0,1,0,0
SYN00869,Mid-Level Associate,Senior,Other,Projects,23.24,0,81,69,1,,0,0,0
SYN00870,Partner,Senior,Other,Other,,0,81,10,1,,0,0,0
SYN00871,Counsel,Senior,Frankfurt,Corporate Transactions & Advisory,35.86,0,61,2,1,6.0,1,0,0
SYN00872,Junior Associate,Junior,London,Antitrust,,0,81,30,1,,0,0,0
SYN00873,Junior Associate,Junior,Madrid,Other,45.41,0,81,55,1,55.0,1,1,0
SYN00874,Mid-Level Associate,Senior,Other,Corporate Group,,0,81,21,1,,0,0,0
SYN00875,Partner,Senior,London,Other,31.48,52,81,81,0,,0,0,0
SYN00876,Partner,Senior,Luxembourg,Corporate Group,31.15,5,81,24,1,,0,0,0
SYN00877,Junior Associate,Junior,New York,Corporate Group,57.71,0,81,29,1,19.0,1,1,0
SYN00878,Junior Associate,Junior,New York,B&F Group,,25,81,25,1,54.0,1,0,0
SYN00879,Counsel,Senior,London,Capital Markets,,0,81,22,1,2.0,1,1,0
SYN00880,Counsel,Senior,New York,Funds & Asset Management,43.99,0,81,24,1,56.0,1,0,0
SYN00881,Junior Associate,Junior,Madrid,Corporate Group,44.99,0,81,65,1,5.0,1,0,0
SYN00882,Junior Associate,Junior,London,Corporate Group,52.68,0,81,5,1,5.0,1,1,0
SYN00883,Junior Associate,Junior,Frankfurt,Other,,15,81,17,1,17.0,1,0,0
SYN00884,Junior Associate,Junior,Other,Corporate Transactions & Advisory,26.78,1,81,11,1,19.0,1,0,0
SYN00885,Mid-Level Associate,Senior,Madrid,Corporate Group,41.18,33,81,73,1,,0,0,0
SYN00886,Partner,Senior,London,Other,33.18,0,46,32,1,,0,0,0
SYN00887,Partner,Senior,Other,B&F Group,44.19,0,76,2,1,38.0,1,0,0
SYN00888,Junior Associate,Junior,London,Other,53.81,31,49,31,1,20.0,1,1,0
SYN00889,Trainees,Junior,London,B&F Group,53.04,0,81,10,1,10.0,1,1,0
SYN00890,Trainees,Junior,London,Other,64.98,0,81,2,1,20.0,1,1,0
SYN00891,Other,Junior,London,Other,28.65,0,81,25,1,15.0,1,1,0
SYN00892,Counsel,Senior,Other,Corporate Group,57.15,55,81,55,1,,0,0,0
SYN00893,Junior Associate,Junior,London,Other,,0,81,11,1,3.0,1,1,0
SYN00894,Trainees,Junior,London,Other,21.17,25,81,26,1,,0,0,0
SYN00895,Mid-Level Associate,Senior,Other,Private Equity,,6,81,31,1,22.0,1,1,0
SYN00896,Partner,Senior,Other,Arbitration,47.25,0,81,6,1,6.0,1,1,0
SYN00897,Junior Associate,Junior,New York,Other,35.26,0,81,18,1,13.0,1,0,0
SYN00898,Counsel,Senior,Amsterdam,Arbitration,,0,81,5,1,,0,0,0
SYN00899,Mid-Level Associate,Senior,Other,Corporate Transactions & Advisory,34.26,0,81,42,1,2.0,1,1,0
SYN00900,Senior Associate,Senior,Amsterdam,Other,9.81,0,69,6,1,14.0,1,0,0
SYN00901,Junior Associate,Junior,Madrid,Other,36.05,0,81,19,1,8.0,1,0,0
SYN00902,Senior Associate,Senior,Other,Litigation,31.75,0,81,2,1,5.0,1,0,0
SYN00903,Partner,Senior,New York,Other,24.68,0,81,68,1,,0,0,0
SYN00904,Junior Associate,Junior,New York,Other,67.51,23,81,37,1,1.0,1,1,0
SYN00905,Trainees,Junior,Hong Kong,Other,37.85,0,51,16,1,4.0,1,1,0
SYN00906,Junior Associate,Junior,Luxembourg,Other,35.43,0,81,66,1,3.0,1,1,0
SYN00907,Trainees,Junior,Other,Other,28.1,18,81,18,1,3.0,1,1,0
SYN00908,Partner,Senior,London,Funds & Asset Management,33.8,33,57,33,1,6.0,1,0,0
SYN00909,Mid-Level Associate,Senior,London,Other,,7,81,10,1,1.0,1,1,0
SYN00910,Junior Associate,Junior,Paris,Other,28.54,0,81,42,1,24.0,1,0,0
SYN00911,Senior Associate,Senior,London,Corporate Transactions & Advisory,44.03,0,81,29,1,20.0,1,0,0
SYN00912,Junior Associate,Junior,Amsterdam,Other,30.69,0,81,10,1,,0,0,0
SYN00913,Trainees,Junior,London,Other,53.7,0,81,9,1,6.0,1,1,0
SYN00914,Mid-Level Associate,Senior,New York,Other,,0,81,81,0,62.0,1,0,0
SYN00915,Other,Junior,Hong Kong,Corporate Transactions & Advisory,6.32,0,81,13,1,2.0,1,1,0
SYN00916,Mid-Level Associate,Senior,London,Corporate Transactions & Advisory,31.09,1,64,36,1,3.0,1,1,0
SYN00917,Junior Associate,Junior,Other,Other,21.31,0,81,13,1,14.0,1,1,0
SYN00918,Trainees,Junior,Other,Corporate Transactions & Advisory,64.27,0,81,8,1,5.0,1,0,0
SYN00919,Mid-Level Associate,Senior,New York,Private Equity,40.22,0,81,14,1,14.0,1,1,0
SYN00920,Senior Associate,Senior,Other,Litigation,,0,81,35,1,,0,0,0
SYN00921,Junior Associate,Junior,London,Other,29.48,0,81,16,1,16.0,1,0,0
SYN00922,Junior Associate,Junior,Other,Private Equity,50.04,0,81,4,1,43.0,1,0,0
SYN00923,Other,Junior,Other,Arbitration,24.87,0,81,15,1,,0,0,0
SYN00924,Trainees,Junior,Madrid,Funds & Asset Management,43.34,15,81,58,1,4.0,1,1,0
SYN00925,Mid-Level Associate,Senior,London,Projects,62.16,0,59,52,1,11.0,1,0,0
SYN00926,Partner,Senior,London,Funds & Asset Management,31.43,1,81,32,1,7.0,1,0,0
SYN00927,Junior Associate,Junior,Hong Kong,Other,39.98,0,81,16,1,10.0,1,0,0
SYN00928,Mid-Level Associate,Senior,Paris,Litigation,45.14,0,81,14,1,20.0,1,0,0
SYN00929,Senior Associate,Senior,Other,Corporate Transactions & Advisory,7.13,0,81,81,0,9.0,1,0,0
SYN00930,Partner,Senior,Hong Kong,Other,40.77,19,81,23,1,4.0,1,1,0
SYN00931,Trainees,Junior,New York,Projects,36.21,9,69,52,1,0.0,1,1,0
SYN00932,Partner,Senior,London,Litigation,,0,81,4,1,8.0,1,1,0
SYN00933,Mid-Level Associate,Senior,Other,Funds & Asset Management,36.64,0,81,74,1,14.0,1,1,0
SYN00934,Junior Associate,Junior,Other,Other,38.04,0,81,31,1,9.0,1,1,0
SYN00935,Mid-Level Associate,Senior,Madrid,Antitrust,51.3,0,81,25,1,4.0,1,1,0
SYN00936,Junior Associate,Junior,Other,Corporate Transactions & Advisory,42.09,0,81,81,0,,0,0,0
SYN00937,Junior Associate,Junior,London,Private Equity,23.0,0,81,69,1,3.0,1,1,0
SYN00938,Senior Associate,Senior,Paris,Corporate Transactions & Advisory,,0,81,81,0,37.0,1,0,0
SYN00939,Junior Associate,Junior,London,Other,,0,81,6,1,4.0,1,1,0
SYN00940,Counsel,Senior,Madrid,Capital Markets,,0,81,42,1,48.0,1,0,0
SYN00941,Counsel,Senior,Other,Corporate Group,,0,81,43,1,29.0,1,0,0
SYN00942,Other,Junior,Amsterdam,Projects,52.16,0,81,81,0,2.0,1,1,0
SYN00943,Junior Associate,Junior,Amsterdam,Private Equity,26.02,0,81,17,1,5.0,1,1,0
SYN00944,Partner,Senior,London,Corporate Transactions & Advisory,57.83,0,49,23,1,23.0,1,0,0
SYN00945,Other,Junior,London,Other,4.13,23,70,23,1,3.0,1,1,0
SYN00946,Junior Associate,Junior,New York,B&F Group,36.28,8,81,14,1,10.0,1,1,0
SYN00947,Junior Associate,Junior,Frankfurt,Other,36.2,0,64,6,1,20.0,1,0,0
SYN00948,Mid-Level Associate,Senior,Other,Other,42.83,14,81,14,1,45.0,1,0,0
SYN00949,Junior Associate,Junior,Paris,Other,,0,70,70,0,34.0,1,0,0
SYN00950,Junior Associate,Junior,Hong Kong,Corporate Transactions & Advisory,,0,81,14,1,6.0,1,0,0
SYN00951,Mid-Level Associate,Senior,Frankfurt,Arbitration,37.89,0,81,81,0,9.0,1,1,0
SYN00952,Junior Associate,Junior,Other,Corporate Transactions & Advisory,51.58,0,81,19,1,3.0,1,1,0
SYN00953,Partner,Senior,Other,Other,,12,72,26,1,,0,0,0
SYN00954,Partner,Senior,Other,Corporate Group,37.51,0,81,42,1,3.0,1,1,0
SYN00955,Counsel,Senior,Frankfurt,Corporate Group,14.95,0,45,45,0,4.0,1,1,0
SYN00956,Mid-Level Associate,Senior,Other,Other,24.88,0,81,9,1,,0,0,0
SYN00957,Junior Associate,Junior,Madrid,Other,,0,81,26,1,26.0,1,0,0
SYN00958,Mid-Level Associate,Senior,Other,Corporate Transactions & Advisory,37.3,0,81,9,1,11.0,1,0,0
SYN00959,Partner,Senior,Other,Corporate Transactions & Advisory,42.28,0,81,58,1,1.0,1,0,0
SYN00960,Senior Associate,Senior,Other,Corporate Group,27.18,30,81,30,1,,0,0,0
SYN00961,Junior Associate,Junior,London,Corporate Transactions & Advisory,21.91,0,81,72,1,44.0,1,0,0
SYN00962,Mid-Level Associate,Senior,Frankfurt,Antitrust,38.94,0,81,13,1,13.0,1,0,0
SYN00963,Partner,Senior,London,Corporate Transactions & Advisory,66.04,0,81,33,1,16.0,1,0,0
SYN00964,Trainees,Junior,Paris,B&F Group,26.17,0,59,3,1,2.0,1,1,0
SYN00965,Junior Associate,Junior,London,Arbitration,48.7,0,60,37,1,17.0,1,0,0
SYN00966,Senior Associate,Senior,London,Corporate Group,,0,81,30,1,14.0,1,1,0
SYN00967,Partner,Senior,Other,Antitrust,54.6,1,81,28,1,2.0,1,1,0
SYN00968,Mid-Level Associate,Senior,London,Antitrust,45.03,8,81,8,1,25.0,1,0,0
SYN00969,Mid-Level Associate,Senior,Other,Other,54.15,4,57,14,1,22.0,1,0,0
SYN00970,Mid-Level Associate,Senior,London,Other,46.6,0,81,14,1,43.0,1,0,0
SYN00971,Partner,Senior,Other,Private Equity,64.33,0,81,18,1,30.0,1,0,0
SYN00972,Junior Associate,Junior,Paris,Corporate Transactions & Advisory,25.41,0,81,8,1,4.0,1,0,0
SYN00973,Partner,Senior,Other,Other,,12,81,59,1,22.0,1,0,0
SYN00974,Other,Junior,London,Corporate Group,16.68,55,81,55,1,1.0,1,0,0
SYN00975,Trainees,Junior,Paris,Private Equity,,1,81,26,1,21.0,1,0,0
SYN00976,Partner,Senior,London,Corporate Transactions & Advisory,53.09,0,81,11,1,34.0,1,0,0
SYN00977,Mid-Level Associate,Senior,Other,Projects,37.88,0,81,4,1,19.0,1,1,0
SYN00978,Partner,Senior,Hong Kong,Corporate Transactions & Advisory,36.6,1,81,32,1,58.0,1,0,0
SYN00979,Mid-Level Associate,Senior,Other,Corporate Transactions & Advisory,35.11,0,81,8,1,6.0,1,0,0
SYN00980,Junior Associate,Junior,Other,Antitrust,49.45,0,52,23,1,6.0,1,1,0
SYN00981,Junior Associate,Junior,Other,Capital Markets,,0,81,21,1,7.0,1,1,0
SYN00982,Other,Junior,London,Corporate Group,,0,81,48,1,8.0,1,0,0
SYN00983,Counsel,Senior,New York,Other,,0,81,4,1,46.0,1,0,0
SYN00984,Mid-Level Associate,Senior,New York,Corporate Transactions & Advisory,,0,81,15,1,4.0,1,1,0
SYN00985,Partner,Senior,Paris,Other,53.12,32,81,32,1,14.0,1,0,0
SYN00986,Junior Associate,Junior,New York,Corporate Transactions & Advisory,32.88,0,81,28,1,0.0,1,1,0
SYN00987,Junior Associate,Junior,London,Funds & Asset Management,18.68,0,81,61,1,46.0,1,0,0
SYN00988,Junior Associate,Junior,London,Projects,49.28,0,81,56,1,18.0,1,0,0
SYN00989,Junior Associate,Junior,Madrid,Other,37.79,0,81,50,1,12.0,1,1,0
SYN00990,Partner,Senior,Paris,Corporate Group,31.01,0,70,35,1,2.0,1,1,0
SYN00991,Counsel,Senior,London,Antitrust,,0,81,1,1,64.0,1,0,0
SYN00992,Trainees,Junior,London,Private Equity,38.39,3,81,10,1,8.0,1,1,0
SYN00993,Junior Associate,Junior,Frankfurt,B&F Group,,0,81,7,1,9.0,1,0,0
SYN00994,Junior Associate,Junior,Other,Corporate Transactions & Advisory,55.41,37,81,76,1,11.0,1,1,0
SYN00995,Mid-Level Associate,Senior,Other,Projects,69.03,13,62,21,1,,0,0,0
SYN00996,Counsel,Senior,New York,Corporate Transactions & Advisory,34.07,0,81,36,1,5.0,1,1,0
SYN00997,Mid-Level Associate,Senior,Hong Kong,Corporate Transactions & Advisory,29.74,2,81,26,1,52.0,1,0,0
SYN00998,Partner,Senior,Paris,Litigation,33.98,0,50,20,1,5.0,1,1,0
SYN00999,Partner,Senior,London,Other,,0,81,16,1,26.0,1,0,0
SYN01000,Senior Associate,Senior,London,Corporate Transactions & Advisory,,0,81,9,1,34.0,1,0,0
SYN01001,Partner,Senior,Madrid,Private Equity,40.5,0,81,21,1,21.0,1,0,0
SYN01002,Junior Associate,Junior,London,Other,24.8,0,81,14,1,4.0,1,1,0
SYN01003,Junior Associate,Junior,Other,Corporate Transactions & Advisory,,0,81,28,1,3.0,1,0,0
SYN01004,Partner,Senior,Paris,Corporate Transactions & Advisory,,0,81,57,1,6.0,1,0,0
SYN01005,Partner,Senior,Luxembourg,Corporate Transactions & Advisory,25.0,0,81,11,1,18.0,1,1,0
SYN01006,Junior Associate,Junior,Other,Other,40.11,9,81,34,1,3.0,1,0,0
SYN01007,Mid-Level Associate,Senior,Other,Other,32.6,0,81,9,1,3.0,1,1,0
SYN01008,Counsel,Senior,Other,Capital Markets,42.65,1,81,8,1,17.0,1,0,0
SYN01009,Mid-Level Associate,Senior,Hong Kong,Corporate Group,34.43,0,81,8,1,7.0,1,1,0
SYN01010,Partner,Senior,Frankfurt,Arbitration,43.8,0,81,15,1,33.0,1,0,0
SYN01011,Junior Associate,Junior,Other,Other,36.22,0,81,12,1,2.0,1,1,0
SYN01012,Partner,Senior,London,Other,,0,81,38,1,8.0,1,1,0
SYN01013,Partner,Senior,Frankfurt,Capital Markets,31.07,6,81,11,1,2.0,1,1,0
SYN01014,Partner,Senior,Paris,Antitrust,,0,81,71,1,34.0,1,0,0
SYN01015,Mid-Level Associate,Senior,Paris,Other,39.11,0,81,7,1,23.0,1,0,0
SYN01016,Senior Associate,Senior,Paris,Corporate Transactions & Advisory,,0,81,13,1,58.0,1,0,0
SYN01017,Junior Associate,Junior,Other,Other,,1,81,22,1,1.0,1,1,0
SYN01018,Mid-Level Associate,Senior,London,Corporate Transactions & Advisory,,0,81,81,0,8.0,1,1,0
SYN01019,Trainees,Junior,Other,Other,,10,81,12,1,12.0,1,0,0
SYN01020,Junior Associate,Junior,London,Other,41.16,10,81,29,1,2.0,1,1,0
SYN01021,Partner,Senior,Amsterdam,Other,27.31,0,81,17,1,32.0,1,0,0
SYN01022,Mid-Level Associate,Senior,Amsterdam,Other,19.54,10,81,10,1,23.0,1,1,0
SYN01023,Mid-Level Associate,Senior,London,Litigation,,0,81,81,0,53.0,1,0,0
SYN01024,Counsel,Senior,Other,Projects,49.19,0,81,20,1,35.0,1,0,0
SYN01025,Trainees,Junior,London,Other,56.04,1,58,9,1,,0,0,0
SYN01026,Counsel,Senior,New York,Corporate Group,34.77,0,81,18,1,18.0,1,0,0
SYN01027,Trainees,Junior,Other,Other,41.56,0,81,15,1,8.0,1,0,0
SYN01028,Other,Junior,London,Antitrust,35.2,0,59,14,1,13.0,1,1,0
SYN01029,Trainees,Junior,Madrid,Other,,0,81,15,1,7.0,1,0,0
SYN01030,Partner,Senior,Other,Other,,1,81,81,0,3.0,1,1,0
SYN01031,Counsel,Senior,Luxembourg,Other,28.93,0,81,17,1,60.0,1,0,0
SYN01032,Junior Associate,Junior,New York,Antitrust,29.27,0,81,4,1,7.0,1,0,0
SYN01033,Partner,Senior,Other,Other,44.22,0,81,2,1,21.0,1,0,0
SYN01034,Counsel,Senior,Other,Other,,0,81,42,1,9.0,1,1,0
SYN01035,Mid-Level Associate,Senior,Paris,Corporate Transactions & Advisory,41.66,0,75,10,1,41.0,1,0,0
SYN01036,Counsel,Senior,Amsterdam,Corporate Transactions & Advisory,26.94,0,81,3,1,36.0,1,0,0
SYN01037,Trainees,Junior,Amsterdam,Other,62.49,0,81,12,1,,0,0,0
SYN01038,Counsel,Senior,London,Other,54.66,0,81,7,1,13.0,1,0,0
SYN01039,Trainees,Junior,New York,Funds & Asset Management,31.82,0,81,61,1,27.0,1,0,0
SYN01040,Counsel,Senior,London,Corporate Group,64.8,0,81,32,1,4.0,1,1,0
SYN01041,Junior Associate,Junior,Paris,Other,,0,81,41,1,7.0,1,1,0
SYN01042,Mid-Level Associate,Senior,London,Other,31.53,0,81,76,1,5.0,1,1,0
SYN01043,Partner,Senior,Frankfurt,Corporate Transactions & Advisory,38.33,42,81,42,1,13.0,1,1,0
SYN01044,Junior Associate,Junior,London,Other,,0,81,54,1,3.0,1,0,0
SYN01045,Mid-Level Associate,Senior,Other,Other,,13,81,26,1,,0,0,0
SYN01046,Junior Associate,Junior,Other,Other,49.37,1,81,35,1,20.0,1,0,0
SYN01047,Junior Associate,Junior,London,Other,22.82,0,61,31,1,10.0,1,0,0
SYN01048,Mid-Level Associate,Senior,London,Other,38.46,0,81,41,1,4.0,1,1,0
SYN01049,Counsel,Senior,New York,Private Equity,17.07,0,81,0,1,18.0,1,0,0
SYN01050,Trainees,Junior,Luxembourg,Other,46.77,1,61,8,1,12.0,1,1,0
SYN01051,Mid-Level Associate,Senior,Amsterdam,Other,26.48,0,57,14,1,2.0,1,1,0
SYN01052,Junior Associate,Junior,Madrid,B&F Group,50.33,0,81,26,1,18.0,1,0,0
SYN01053,Mid-Level Associate,Senior,London,Corporate Transactions & Advisory,60.2,0,81,6,1,6.0,1,0,0
SYN01054,Junior Associate,Junior,London,Arbitration,,0,81,17,1,10.0,1,1,0
SYN01055,Mid-Level Associate,Senior,New York,Other,,0,81,11,1,31.0,1,0,0
SYN01056,Counsel,Senior,Hong Kong,Other,,0,81,22,1,11.0,1,1,0
SYN01057,Counsel,Senior,Other,Other,42.3,55,81,55,1,4.0,1,1,0
SYN01058,Senior Associate,Senior,London,Funds & Asset Management,37.16,0,81,34,1,34.0,1,1,0
SYN01059,Counsel,Senior,Other,Corporate Transactions & Advisory,51.81,0,76,22,1,33.0,1,0,0
SYN01060,Partner,Senior,Paris,Other,56.43,0,81,16,1,7.0,1,1,0
SYN01061,Partner,Senior,Amsterdam,Other,18.49,0,81,3,1,2.0,1,0,0
SYN01062,Mid-Level Associate,Senior,Other,Other,,0,81,22,1,,0,0,0
SYN01063,Senior Associate,Senior,London,Corporate Transactions & Advisory,44.89,0,81,8,1,3.0,1,1,0
SYN01064,Trainees,Junior,Hong Kong,Corporate Group,28.91,9,47,9,1,10.0,1,0,0
SYN01065,Trainees,Junior,Madrid,Corporate Transactions & Advisory,47.85,1,81,81,0,11.0,1,1,0
SYN01066,Counsel,Senior,Hong Kong,Other,,0,81,13,1,13.0,1,1,0
SYN01067,Junior Associate,Junior,New York,Other,41.78,55,81,55,1,55.0,1,1,0
SYN01068,Counsel,Senior,London,Corporate Transactions & Advisory,39.68,0,81,81,0,14.0,1,0,0
SYN01069,Junior Associate,Junior,New York,Other,27.5,0,81,36,1,1.0,1,1,0
SYN01070,Junior Associate,Junior,Other,Other,16.17,16,81,29,1,8.0,1,1,0
SYN01071,Junior Associate,Junior,Other,Arbitration,57.79,0,81,25,1,21.0,1,0,0
SYN01072,Trainees,Junior,London,Other,44.09,0,81,14,1,21.0,1,1,0
SYN01073,Partner,Senior,Hong Kong,Other,,0,65,2,1,29.0,1,0,0
SYN01074,Trainees,Junior,London,Corporate Group,18.15,0,81,81,0,,0,0,0
SYN01075,Trainees,Junior,New York,Other,39.48,0,81,26,1,2.0,1,1,0
SYN01076,Partner,Senior,Other,Other,33.22,0,81,19,1,3.0,1,1,0
SYN01077,Partner,Senior,Other,Arbitration,38.08,25,81,81,1,,0,0,0
SYN01078,Trainees,Junior,Luxembourg,Capital Markets,53.76,0,81,22,1,7.0,1,1,0
SYN01079,Trainees,Junior,Luxembourg,Other,29.18,0,81,32,1,32.0,1,0,0
SYN01080,Trainees,Junior,Paris,Private Equity,38.88,0,81,37,1,11.0,1,0,0
SYN01081,Junior Associate,Junior,Frankfurt,Corporate Transactions & Advisory,57.26,0,49,8,1,1.0,1,1,0
SYN01082,Junior Associate,Junior,Frankfurt,Antitrust,57.52,27,81,41,1,29.0,1,1,0
SYN01083,Junior Associate,Junior,Frankfurt,Corporate Transactions & Advisory,50.73,0,81,17,1,8.0,1,1,0
SYN01084,Other,Junior,Hong Kong,Other,32.85,0,81,5,1,7.0,1,0,0
SYN01085,Partner,Senior,Paris,Antitrust,47.39,0,81,11,1,10.0,1,0,0
SYN01086,Trainees,Junior,New York,Other,29.73,18,81,18,1,13.0,1,0,0
SYN01087,Partner,Senior,Amsterdam,Other,42.96,25,81,25,1,4.0,1,1,0
SYN01088,Senior Associate,Senior,Other,Other,43.45,0,81,10,1,6.0,1,0,0
SYN01089,Junior Associate,Junior,Hong Kong,Corporate Transactions & Advisory,41.67,0,81,18,1,21.0,1,1,0
SYN01090,Junior Associate,Junior,New York,Capital Markets,37.55,1,81,18,1,3.0,1,1,0
SYN01091,Mid-Level Associate,Senior,Paris,Antitrust,54.24,0,81,13,1,7.0,1,0,0
SYN01092,Junior Associate,Junior,New York,Other,,0,74,23,1,4.0,1,1,0
SYN01093,Junior Associate,Junior,Luxembourg,Arbitration,,0,81,6,1,65.0,1,0,0
SYN01094,Mid-Level Associate,Senior,Other,Litigation,25.81,0,81,55,1,58.0,1,0,0
SYN01095,Junior Associate,Junior,New York,Corporate Transactions & Advisory,50.38,0,81,81,0,18.0,1,1,0
SYN01096,Junior Associate,Junior,Other,Other,47.6,0,81,9,1,18.0,1,0,0
SYN01097,Mid-Level Associate,Senior,Other,Corporate Group,29.85,0,81,17,1,6.0,1,1,0
SYN01098,Mid-Level Associate,Senior,Paris,Corporate Transactions & Advisory,34.78,0,81,2,1,3.0,1,1,0
SYN01099,Mid-Level Associate,Senior,London,Other,41.97,0,81,8,1,15.0,1,1,0
SYN01100,Partner,Senior,London,Corporate Transactions & Advisory,24.86,0,63,38,1,22.0,1,0,0
SYN01101,Senior Associate,Senior,Other,Corporate Transactions & Advisory,40.82,0,61,9,1,,0,0,0
SYN01102,Trainees,Junior,Amsterdam,Other,,0,81,14,1,10.0,1,1,0
SYN01103,Trainees,Junior,New York,Arbitration,32.19,0,81,7,1,0.0,1,1,0
SYN01104,Mid-Level Associate,Senior,Frankfurt,Corporate Transactions & Advisory,37.94,6,81,14,1,31.0,1,1,0
SYN01105,Partner,Senior,London,Antitrust,15.82,0,81,28,1,11.0,1,0,0
SYN01106,Partner,Senior,London,Arbitration,61.0,0,81,33,1,2.0,1,1,0
SYN01107,Mid-Level Associate,Senior,London,Other,20.13,2,80,6,1,,0,0,0
SYN01108,Partner,Senior,Paris,Other,55.87,0,81,16,1,6.0,1,1,0
SYN01109,Trainees,Junior,London,Other,,0,81,11,1,3.0,1,0,0
SYN01110,Counsel,Senior,Other,Corporate Group,26.83,0,81,4,1,,0,0,0
SYN01111,Junior Associate,Junior,Other,Corporate Transactions & Advisory,,28,81,28,1,19.0,1,0,0
SYN01112,Counsel,Senior,London,Corporate Transactions & Advisory,47.93,0,81,1,1,5.0,1,1,0
SYN01113,Trainees,Junior,London,Corporate Transactions & Advisory,44.06,0,81,19,1,18.0,1,0,0
SYN01114,Junior Associate,Junior,Other,Other,64.25,0,52,52,0,4.0,1,0,0
SYN01115,Junior Associate,Junior,Amsterdam,Antitrust,34.32,0,81,14,1,5.0,1,1,0
SYN01116,Trainees,Junior,Hong Kong,Other,30.46,0,81,79,1,11.0,1,1,0
SYN01117,Partner,Senior,Amsterdam,Other,72.27,15,81,15,1,48.0,1,0,0
SYN01118,Junior Associate,Junior,London,Other,,0,81,23,1,14.0,1,1,0
SYN01119,Senior Associate,Senior,London,Arbitration,,0,81,18,1,9.0,1,1,0
SYN01120,Trainees,Junior,Frankfurt,Corporate Transactions & Advisory,,0,81,23,1,6.0,1,0,0
SYN01121,Partner,Senior,Amsterdam,Other,60.64,0,81,16,1,57.0,1,0,0
SYN01122,Trainees,Junior,Frankfurt,Funds & Asset Management,55.92,18,69,41,1,5.0,1,0,0
SYN01123,Senior Associate,Senior,London,Other,20.81,0,81,39,1,31.0,1,1,0
SYN01124,Junior Associate,Junior,Luxembourg,Other,19.19,0,81,27,1,36.0,1,0,0
SYN01125,Other,Junior,Frankfurt,Other,60.89,14,81,25,1,17.0,1,1,0
SYN01126,Senior Associate,Senior,London,Funds & Asset Management,24.53,0,81,4,1,4.0,1,1,0
SYN01127,Trainees,Junior,New York,Corporate Transactions & Advisory,29.37,0,49,49,0,3.0,1,1,0
SYN01128,Partner,Senior,Other,Arbitration,,0,81,8,1,16.0,1,0,0
SYN01129,Counsel,Senior,London,Funds & Asset Management,24.39,37,81,37,1,,0,0,0
SYN01130,Junior Associate,Junior,London,Corporate Transactions & Advisory,,0,81,13,1,1.0,1,1,0
SYN01131,Junior Associate,Junior,New York,Projects,46.5,22,46,31,1,11.0,1,0,0
SYN01132,Mid-Level Associate,Senior,Frankfurt,Corporate Transactions & Advisory,,0,81,8,1,12.0,1,1,0
SYN01133,Other,Junior,London,Other,52.82,0,81,37,1,6.0,1,1,0
SYN01134,Partner,Senior,Other,Arbitration,47.33,0,81,9,1,50.0,1,0,0
SYN01135,Junior Associate,Junior,Frankfurt,Antitrust,33.8,0,81,20,1,32.0,1,0,0
SYN01136,Mid-Level Associate,Senior,Paris,Antitrust,56.92,0,81,24,1,25.0,1,0,0
SYN01137,Partner,Senior,Frankfurt,Other,,0,64,64,0,1.0,1,1,0
SYN01138,Senior Associate,Senior,Amsterdam,Antitrust,,0,56,24,1,49.0,1,0,0
SYN01139,Junior Associate,Junior,Luxembourg,Corporate Transactions & Advisory,41.86,0,81,35,1,8.0,1,1,0
SYN01140,Trainees,Junior,Luxembourg,Arbitration,,0,81,25,1,45.0,1,0,0
SYN01141,Partner,Senior,Other,Other,34.43,43,81,43,1,3.0,1,1,0
SYN01142,Trainees,Junior,London,Litigation,21.95,0,81,7,1,32.0,1,0,0
SYN01143,Trainees,Junior,Other,Other,,0,81,12,1,0.0,1,1,0
SYN01144,Partner,Senior,Other,Corporate Transactions & Advisory,24.86,0,81,5,1,9.0,1,0,0
SYN01145,Trainees,Junior,London,Corporate Transactions & Advisory,32.79,48,81,48,1,48.0,1,0,0
SYN01146,Junior Associate,Junior,New York,Other,51.31,0,81,19,1,10.0,1,0,0
SYN01147,Mid-Level Associate,Senior,London,Corporate Group,,1,52,32,1,,0,0,0
SYN01148,Junior Associate,Junior,Other,Other,46.71,1,81,51,1,6.0,1,1,0
SYN01149,Junior Associate,Junior,Other,Other,67.32,0,81,81,0,8.0,1,1,0
SYN01150,Trainees,Junior,London,B&F Group,42.58,0,81,12,1,19.0,1,0,0
SYN01151,Mid-Level Associate,Senior,New York,Other,29.83,0,81,7,1,7.0,1,1,0
SYN01152,Junior Associate,Junior,London,Other,44.19,26,81,29,1,,0,0,0
SYN01153,Trainees,Junior,London,Antitrust,,0,81,40,1,3.0,1,1,0
SYN01154,Mid-Level Associate,Senior,London,Other,34.75,7,81,19,1,10.0,1,0,0
SYN01155,Mid-Level Associate,Senior,Luxembourg,Projects,45.6,0,81,19,1,27.0,1,0,0
SYN01156,Junior Associate,Junior,Other,Private Equity,,1,81,27,1,,0,0,0
SYN01157,Junior Associate,Junior,London,Capital Markets,58.32,0,81,2,1,8.0,1,1,0
SYN01158,Trainees,Junior,London,Private Equity,25.8,0,81,3,1,,0,0,0
SYN01159,Partner,Senior,Other,Private Equity,45.04,1,81,16,1,13.0,1,0,0
SYN01160,Partner,Senior,London,Other,35.63,0,81,13,1,13.0,1,1,0
SYN01161,Mid-Level Associate,Senior,Other,Funds & Asset Management,,0,80,9,1,,0,0,0
SYN01162,Other,Junior,Other,Corporate Transactions & Advisory,24.7,49,81,49,1,6.0,1,1,0
SYN01163,Junior Associate,Junior,Other,Corporate Group,46.76,0,74,9,1,10.0,1,1,0
SYN01164,Mid-Level Associate,Senior,Hong Kong,Corporate Transactions & Advisory,42.34,21,81,32,1,18.0,1,0,0
SYN01165,Senior Associate,Senior,Amsterdam,Antitrust,45.62,0,81,33,1,1.0,1,1,0
SYN01166,Junior Associate,Junior,Other,Corporate Group,27.56,30,81,30,1,11.0,1,1,0
SYN01167,Junior Associate,Junior,Amsterdam,Other,47.06,8,81,34,1,6.0,1,1,0
SYN01168,Mid-Level Associate,Senior,London,Other,45.16,1,81,14,1,9.0,1,1,0
SYN01169,Junior Associate,Junior,London,B&F Group,,0,81,7,1,,0,0,0
SYN01170,Junior Associate,Junior,Other,Litigation,,0,81,29,1,7.0,1,1,0
SYN01171,Counsel,Senior,London,Projects,36.93,0,71,16,1,17.0,1,0,0
SYN01172,Counsel,Senior,New York,Capital Markets,46.73,0,81,31,1,31.0,1,1,0
SYN01173,Junior Associate,Junior,London,Other,61.59,15,68,15,1,27.0,1,0,0
SYN01174,Junior Associate,Junior,Other,Corporate Transactions & Advisory,64.66,0,78,60,1,57.0,1,0,0
SYN01175,Junior Associate,Junior,New York,Other,,9,61,13,1,3.0,1,1,0
SYN01176,Junior Associate,Junior,London,Other,41.86,0,81,46,1,6.0,1,0,0
SYN01177,Mid-Level Associate,Senior,Other,Corporate Transactions & Advisory,52.42,0,51,29,1,20.0,1,0,0
SYN01178,Partner,Senior,Other,Other,49.89,0,81,32,1,3.0,1,0,0
SYN01179,Senior Associate,Senior,Luxembourg,Corporate Group,48.34,1,81,11,1,14.0,1,1,0
SYN01180,Counsel,Senior,Other,Other,47.67,0,81,31,1,6.0,1,0,0
SYN01181,Other,Junior,London,Other,36.25,0,63,23,1,8.0,1,1,0
SYN01182,Junior Associate,Junior,Other,Projects,29.21,0,61,7,1,17.0,1,0,0
SYN01183,Junior Associate,Junior,Other,B&F Group,,1,81,4,1,25.0,1,1,0
SYN01184,Partner,Senior,London,Other,,23,81,23,1,40.0,1,0,0
SYN01185,Senior Associate,Senior,Other,Other,31.28,0,81,6,1,1.0,1,1,0
SYN01186,Mid-Level Associate,Senior,Other,Capital Markets,51.74,3,81,5,1,22.0,1,1,0
SYN01187,Junior Associate,Junior,London,Other,19.38,55,81,55,1,13.0,1,1,0
SYN01188,Mid-Level Associate,Senior,Other,Antitrust,41.55,0,80,41,1,31.0,1,0,0
SYN01189,Trainees,Junior,Other,Other,,0,81,22,1,16.0,1,1,0
SYN01190,Partner,Senior,Hong Kong,Other,34.03,0,81,50,1,,0,0,0
SYN01191,Mid-Level Associate,Senior,Other,Arbitration,41.95,0,81,6,1,37.0,1,0,0
SYN01192,Partner,Senior,New York,Other,,0,81,31,1,30.0,1,0,0
SYN01193,Mid-Level Associate,Senior,Other,Corporate Group,33.59,0,81,12,1,6.0,1,0,0
SYN01194,Trainees,Junior,London,Corporate Transactions & Advisory,29.04,0,81,29,1,,0,0,0
SYN01195,Mid-Level Associate,Senior,Madrid,Arbitration,31.65,11,81,40,1,40.0,1,1,0
SYN01196,Junior Associate,Junior,Paris,Projects,38.99,0,81,24,1,13.0,1,1,0
SYN01197,Mid-Level Associate,Senior,Hong Kong,Projects,,0,81,73,1,12.0,1,1,0
SYN01198,Trainees,Junior,Other,Other,,0,81,20,1,12.0,1,1,0
SYN01199,Senior Associate,Senior,London,Antitrust,29.86,0,81,17,1,36.0,1,0,0
SYN01200,Junior Associate,Junior,Other,Corporate Group,17.03,0,81,28,1,20.0,1,0,0
SYN01201,Senior Associate,Senior,Other,Litigation,21.5,0,81,7,1,1.0,1,0,0
SYN01202,Trainees,Junior,Other,Other,65.88,0,81,11,1,1.0,1,1,0
SYN01203,Junior Associate,Junior,London,Capital Markets,,0,81,21,1,15.0,1,0,0
SYN01204,Trainees,Junior,New York,Other,,0,81,65,1,65.0,1,1,0
SYN01205,Junior Associate,Junior,London,Funds & Asset Management,44.65,1,81,11,1,5.0,1,1,0
SYN01206,Partner,Senior,Paris,Litigation,48.03,17,81,17,1,32.0,1,0,0
SYN01207,Mid-Level Associate,Senior,Other,Arbitration,57.52,0,66,8,1,,0,0,0
SYN01208,Junior Associate,Junior,London,Other,38.86,16,81,16,1,16.0,1,1,0
SYN01209,Trainees,Junior,Amsterdam,Litigation,45.46,0,81,11,1,3.0,1,0,0
SYN01210,Partner,Senior,London,Arbitration,40.83,0,81,22,1,36.0,1,0,0
SYN01211,Mid-Level Associate,Senior,Other,Other,62.11,0,81,22,1,26.0,1,0,0
SYN01212,Counsel,Senior,Other,B&F Group,19.09,0,81,18,1,4.0,1,1,0
SYN01213,Junior Associate,Junior,Other,Antitrust,39.98,0,81,8,1,2.0,1,1,0
SYN01214,Trainees,Junior,New York,Corporate Group,30.7,0,81,23,1,4.0,1,1,0
SYN01215,Senior Associate,Senior,Other,Other,50.33,0,81,11,1,21.0,1,1,0
SYN01216,Junior Associate,Junior,Frankfurt,Corporate Transactions & Advisory,57.71,0,81,81,0,80.0,1,0,0
SYN01217,Mid-Level Associate,Senior,London,Other,49.73,0,81,27,1,0.0,1,1,0
SYN01218,Partner,Senior,London,Corporate Group,38.44,0,81,10,1,8.0,1,1,0
SYN01219,Senior Associate,Senior,Other,Other,50.79,0,81,11,1,7.0,1,1,0
SYN01220,Counsel,Senior,London,Corporate Transactions & Advisory,60.95,27,81,27,1,,0,0,0
SYN01221,Senior Associate,Senior,London,Other,62.27,7,81,7,1,5.0,1,0,0
SYN01222,Partner,Senior,Other,Arbitration,45.69,0,81,16,1,,0,0,0
SYN01223,Mid-Level Associate,Senior,London,Arbitration,48.02,0,81,48,1,,0,0,0
SYN01224,Trainees,Junior,New York,Antitrust,37.65,0,81,0,1,15.0,1,0,0
SYN01225,Junior Associate,Junior,Frankfurt,Other,49.23,0,81,0,1,11.0,1,0,0
SYN01226,Junior Associate,Junior,Frankfurt,Corporate Transactions & Advisory,22.14,0,81,35,1,4.0,1,1,0
SYN01227,Partner,Senior,Amsterdam,Corporate Group,,0,81,21,1,17.0,1,1,0
SYN01228,Partner,Senior,Other,Antitrust,30.71,1,81,8,1,4.0,1,1,0
SYN01229,Partner,Senior,Other,Antitrust,38.3,0,81,6,1,18.0,1,0,0
SYN01230,Partner,Senior,Paris,Arbitration,42.44,0,58,22,1,7.0,1,1,0
SYN01231,Partner,Senior,London,Other,31.5,0,56,56,0,43.0,1,0,0
SYN01232,Junior Associate,Junior,London,Arbitration,,41,81,41,1,14.0,1,0,0
SYN01233,Counsel,Senior,London,Capital Markets,9.62,0,81,6,1,27.0,1,0,0
SYN01234,Senior Associate,Senior,London,Corporate Group,63.08,16,81,32,1,,0,0,0
SYN01235,Junior Associate,Junior,Other,Other,,0,81,40,1,10.0,1,1,0
SYN01236,Counsel,Senior,Frankfurt,Other,20.2,0,81,13,1,1.0,1,1,0
SYN01237,Junior Associate,Junior,Other,Antitrust,,1,52,50,1,50.0,1,0,0
SYN01238,Mid-Level Associate,Senior,Other,Other,28.68,0,81,81,0,81.0,1,0,0
SYN01239,Junior Associate,Junior,London,Other,41.29,0,77,77,0,20.0,1,0,0
SYN01240,Mid-Level Associate,Senior,Paris,Corporate Group,19.06,0,81,8,1,12.0,1,0,0
SYN01241,Junior Associate,Junior,Hong Kong,Corporate Transactions & Advisory,,45,81,45,1,28.0,1,0,0
SYN01242,Partner,Senior,Paris,Other,34.18,0,81,16,1,1.0,1,1,0
SYN01243,Partner,Senior,Paris,Corporate Group,,0,81,6,1,6.0,1,0,0
SYN01244,Mid-Level Associate,Senior,London,Private Equity,30.18,0,45,10,1,28.0,1,0,0
SYN01245,Junior Associate,Junior,London,Corporate Group,,0,52,8,1,8.0,1,1,0
SYN01246,Junior Associate,Junior,Other,Capital Markets,,0,81,15,1,3.0,1,0,0
SYN01247,Senior Associate,Senior,Other,B&F Group,,0,81,11,1,11.0,1,0,0
SYN01248,Mid-Level Associate,Senior,New York,Corporate Transactions & Advisory,39.26,0,81,34,1,5.0,1,1,0
SYN01249,Partner,Senior,London,B&F Group,26.54,0,81,81,0,39.0,1,0,0
SYN01250,Counsel,Senior,New York,Corporate Transactions & Advisory,63.28,10,81,81,1,2.0,1,1,0
SYN01251,Junior Associate,Junior,Paris,Private Equity,28.75,0,81,2,1,22.0,1,1,0
SYN01252,Partner,Senior,Hong Kong,Corporate Transactions & Advisory,20.15,1,81,34,1,,0,0,0
SYN01253,Junior Associate,Junior,Amsterdam,Other,52.19,0,45,6,1,14.0,1,1,0
SYN01254,Junior Associate,Junior,London,Other,40.32,23,81,23,1,29.0,1,0,0
SYN01255,Mid-Level Associate,Senior,Luxembourg,Other,29.21,0,81,81,0,11.0,1,1,0
SYN01256,Mid-Level Associate,Senior,London,Corporate Transactions & Advisory,34.52,0,81,18,1,11.0,1,0,0
SYN01257,Mid-Level Associate,Senior,London,Corporate Group,45.8,0,81,41,1,3.0,1,1,0
SYN01258,Junior Associate,Junior,Other,Other,49.5,28,81,28,1,21.0,1,0,0
SYN01259,Partner,Senior,Other,Arbitration,53.0,0,81,40,1,27.0,1,0,0
SYN01260,Junior Associate,Junior,Frankfurt,Other,56.74,0,81,3,1,22.0,1,0,0
SYN01261,Junior Associate,Junior,Other,Corporate Transactions & Advisory,44.33,0,81,81,0,6.0,1,1,0
SYN01262,Mid-Level Associate,Senior,London,Other,29.0,0,81,7,1,11.0,1,0,0
SYN01263,Other,Junior,London,Corporate Transactions & Advisory,16.77,0,81,81,0,78.0,1,0,0
SYN01264,Junior Associate,Junior,Paris,Other,58.93,0,81,44,1,44.0,1,0,0
SYN01265,Mid-Level Associate,Senior,New York,Other,59.28,0,81,81,0,32.0,1,0,0
SYN01266,Partner,Senior,London,Corporate Transactions & Advisory,32.93,1,81,3,1,,0,0,0
SYN01267,Partner,Senior,New York,Antitrust,38.95,0,81,9,1,35.0,1,0,0
SYN01268,Junior Associate,Junior,Paris,Litigation,,0,81,22,1,5.0,1,1,0
SYN01269,Junior Associate,Junior,London,Corporate Transactions & Advisory,39.17,0,81,31,1,7.0,1,0,0
SYN01270,Senior Associate,Senior,London,Corporate Transactions & Advisory,25.61,0,81,70,1,8.0,1,1,0
SYN01271,Partner,Senior,Amsterdam,Funds & Asset Management,49.56,1,81,54,1,,0,0,0
SYN01272,Partner,Senior,Paris,Other,,0,81,18,1,1.0,1,1,0
SYN01273,Junior Associate,Junior,Other,Arbitration,56.87,0,81,17,1,3.0,1,1,0
SYN01274,Trainees,Junior,Other,Other,38.27,0,81,15,1,,0,0,0
SYN01275,Counsel,Senior,Frankfurt,Corporate Group,,0,81,1,1,,0,0,0
SYN01276,Junior Associate,Junior,London,Other,50.65,0,81,21,1,6.0,1,1,0
SYN01277,Mid-Level Associate,Senior,Other,Other,,0,81,59,1,15.0,1,0,0
SYN01278,Trainees,Junior,Amsterdam,Litigation,58.36,0,73,61,1,4.0,1,1,0
SYN01279,Partner,Senior,Frankfurt,Antitrust,22.16,0,81,5,1,12.0,1,1,0
SYN01280,Mid-Level Associate,Senior,London,Other,47.92,0,81,15,1,19.0,1,0,0
SYN01281,Mid-Level Associate,Senior,London,Corporate Group,51.56,0,81,50,1,13.0,1,1,0
SYN01282,Senior Associate,Senior,Frankfurt,Other,45.08,0,81,20,1,17.0,1,0,0
SYN01283,Trainees,Junior,Frankfurt,Corporate Transactions & Advisory,46.83,0,81,35,1,11.0,1,0,0
SYN01284,Partner,Senior,Frankfurt,Other,31.66,24,81,43,1,9.0,1,1,0
SYN01285,Junior Associate,Junior,London,Litigation,,4,81,15,1,15.0,1,0,0
SYN01286,Counsel,Senior,Luxembourg,Other,35.0,0,47,44,1,,0,0,0
SYN01287,Partner,Senior,Frankfurt,Corporate Transactions & Advisory,28.97,0,81,3,1,8.0,1,1,0
SYN01288,Counsel,Senior,Other,Capital Markets,,0,54,23,1,,0,0,0
SYN01289,Trainees,Junior,Other,Other,31.23,55,81,55,1,50.0,1,0,0
SYN01290,Partner,Senior,Paris,Private Equity,47.17,0,81,9,1,19.0,1,1,0
SYN01291,Junior Associate,Junior,Madrid,Other,27.84,0,81,2,1,44.0,1,0,0
SYN01292,Mid-Level Associate,Senior,London,Corporate Transactions & Advisory,46.45,0,81,35,1,28.0,1,1,0
SYN01293,Senior Associate,Senior,Other,Corporate Group,56.03,0,81,81,0,35.0,1,0,0
SYN01294,Trainees,Junior,Madrid,Corporate Group,39.49,0,81,7,1,2.0,1,1,0
SYN01295,Junior Associate,Junior,New York,Corporate Group,43.36,0,45,14,1,2.0,1,1,0
SYN01296,Counsel,Senior,Paris,Corporate Transactions & Advisory,24.46,0,81,10,1,2.0,1,1,0
SYN01297,Mid-Level Associate,Senior,Other,Other,28.08,0,81,2,1,3.0,1,1,0
SYN01298,Junior Associate,Junior,New York,Other,,35,81,35,1,39.0,1,0,0
SYN01299,Mid-Level Associate,Senior,London,Arbitration,39.85,0,81,20,1,2.0,1,0,0
SYN01300,Junior Associate,Junior,London,Other,38.02,0,81,13,1,14.0,1,0,0
SYN01301,Junior Associate,Junior,New York,Corporate Group,49.35,1,81,15,1,20.0,1,0,0
SYN01302,Junior Associate,Junior,Paris,Arbitration,14.13,0,81,4,1,34.0,1,0,0
SYN01303,Senior Associate,Senior,London,Capital Markets,,55,81,55,1,15.0,1,0,0
SYN01304,Junior Associate,Junior,London,Funds & Asset Management,37.38,0,81,0,1,6.0,1,0,0
SYN01305,Trainees,Junior,London,Corporate Transactions & Advisory,22.97,0,81,9,1,3.0,1,0,0
SYN01306,Junior Associate,Junior,London,Other,50.85,7,81,12,1,2.0,1,0,0
SYN01307,Senior Associate,Senior,Other,Corporate Transactions & Advisory,36.57,0,81,6,1,40.0,1,0,0
SYN01308,Partner,Senior,Other,Arbitration,24.4,0,81,29,1,,0,0,0
SYN01309,Trainees,Junior,Paris,Antitrust,50.5,1,81,4,1,35.0,1,0,0
SYN01310,Partner,Senior,Frankfurt,Corporate Transactions & Advisory,46.62,0,81,81,0,27.0,1,0,0
SYN01311,Mid-Level Associate,Senior,London,Other,52.91,0,81,15,1,15.0,1,0,0
SYN01312,Senior Associate,Senior,Luxembourg,Other,53.0,0,51,5,1,4.0,1,1,0
SYN01313,Partner,Senior,Madrid,Corporate Group,19.02,8,81,74,1,31.0,1,0,0
SYN01314,Mid-Level Associate,Senior,Luxembourg,Antitrust,23.37,0,81,5,1,5.0,1,1,0
SYN01315,Mid-Level Associate,Senior,Other,Antitrust,30.52,0,81,21,1,1.0,1,1,0
SYN01316,Junior Associate,Junior,Frankfurt,Litigation,,0,81,22,1,8.0,1,0,0
SYN01317,Trainees,Junior,London,Funds & Asset Management,,0,81,17,1,,0,0,0
SYN01318,Mid-Level Associate,Senior,Other,Other,54.11,0,81,25,1,46.0,1,0,0
SYN01319,Mid-Level Associate,Senior,Other,Other,20.31,0,81,15,1,,0,0,0
SYN01320,Trainees,Junior,Other,Other,42.02,14,81,14,1,28.0,1,0,0
SYN01321,Junior Associate,Junior,London,Antitrust,30.04,1,81,12,1,5.0,1,1,0
SYN01322,Trainees,Junior,London,Litigation,44.1,0,81,32,1,32.0,1,0,0
SYN01323,Trainees,Junior,New York,Other,54.81,22,81,22,1,2.0,1,0,0
SYN01324,Trainees,Junior,London,Funds & Asset Management,,0,81,34,1,34.0,1,0,0
SYN01325,Mid-Level Associate,Senior,Frankfurt,Corporate Transactions & Advisory,46.94,0,61,32,1,12.0,1,1,0
SYN01326,Senior Associate,Senior,Luxembourg,Corporate Group,45.81,0,81,6,1,7.0,1,1,0
SYN01327,Other,Junior,Hong Kong,Funds & Asset Management,62.28,0,81,37,1,,0,0,0
SYN01328,Partner,Senior,Other,Other,22.17,0,81,16,1,4.0,1,0,0
SYN01329,Junior Associate,Junior,Other,Antitrust,,0,81,29,1,3.0,1,1,0
SYN01330,Partner,Senior,London,Projects,21.59,0,64,57,1,32.0,1,0,0
SYN01331,Mid-Level Associate,Senior,Hong Kong,Other,,0,81,2,1,6.0,1,0,0
SYN01332,Partner,Senior,Other,Other,,25,81,55,1,9.0,1,1,0
SYN01333,Counsel,Senior,Madrid,Other,33.93,0,81,15,1,23.0,1,0,0
SYN01334,Counsel,Senior,Other,Corporate Transactions & Advisory,39.12,0,56,56,0,15.0,1,0,0
SYN01335,Senior Associate,Senior,New York,Corporate Group,27.5,0,81,38,1,3.0,1,0,0
SYN01336,Counsel,Senior,Madrid,Other,,1,81,8,1,16.0,1,0,0
SYN01337,Counsel,Senior,Other,Corporate Group,55.24,7,81,26,1,20.0,1,1,0
SYN01338,Junior Associate,Junior,New York,Other,48.29,9,81,61,1,12.0,1,1,0
SYN01339,Partner,Senior,Other,Other,,0,81,81,0,,0,0,0
SYN01340,Partner,Senior,Other,Corporate Transactions & Advisory,52.19,0,81,8,1,32.0,1,0,0
SYN01341,Partner,Senior,London,B&F Group,24.54,30,81,30,1,3.0,1,1,0
SYN01342,Counsel,Senior,Other,Corporate Transactions & Advisory,31.09,0,81,16,1,7.0,1,1,0
SYN01343,Counsel,Senior,Other,Other,35.73,0,81,37,1,9.0,1,1,0
SYN01344,Partner,Senior,New York,Other,28.72,33,81,33,1,37.0,1,0,0
SYN01345,Partner,Senior,Other,Antitrust,,18,81,18,1,18.0,1,0,0
SYN01346,Mid-Level Associate,Senior,Other,Corporate Transactions & Advisory,29.11,0,81,8,1,,0,0,0
SYN01347,Junior Associate,Junior,New York,Other,50.94,0,81,23,1,23.0,1,0,0
SYN01348,Trainees,Junior,Frankfurt,Litigation,29.57,0,81,14,1,2.0,1,1,0
SYN01349,Junior Associate,Junior,London,Other,,0,81,18,1,,0,0,0
SYN01350,Counsel,Senior,London,Arbitration,,11,81,27,1,27.0,1,0,0
SYN01351,Junior Associate,Junior,Other,Other,,0,81,31,1,31.0,1,0,0
SYN01352,Junior Associate,Junior,Madrid,Corporate Transactions & Advisory,39.73,0,50,17,1,5.0,1,1,0
SYN01353,Partner,Senior,Paris,Corporate Transactions & Advisory,40.62,0,81,26,1,3.0,1,1,0
SYN01354,Junior Associate,Junior,Paris,Corporate Group,43.21,1,81,81,0,,0,0,0
SYN01355,Partner,Senior,London,Projects,60.7,0,81,75,1,10.0,1,0,0
SYN01356,Other,Junior,Other,Antitrust,37.86,0,81,81,0,16.0,1,0,0
SYN01357,Mid-Level Associate,Senior,London,Other,58.19,0,81,25,1,54.0,1,0,0
SYN01358,Senior Associate,Senior,London,Corporate Group,,0,81,29,1,67.0,1,0,0
SYN01359,Junior Associate,Junior,Other,Other,,0,81,33,1,75.0,1,0,0
SYN01360,Junior Associate,Junior,Other,Antitrust,57.18,0,63,44,1,1.0,1,1,0
SYN01361,Partner,Senior,London,Other,38.88,1,81,14,1,12.0,1,1,0
SYN01362,Partner,Senior,Other,Funds & Asset Management,,0,81,15,1,,0,0,0
SYN01363,Senior Associate,Senior,Other,Antitrust,,0,81,6,1,25.0,1,1,0
SYN01364,Junior Associate,Junior,London,Other,8.88,0,50,17,1,8.0,1,0,0
SYN01365,Junior Associate,Junior,Other,Other,34.1,10,81,24,1,18.0,1,1,0
SYN01366,Trainees,Junior,Frankfurt,Private Equity,34.3,0,68,61,1,7.0,1,1,0
SYN01367,Junior Associate,Junior,Other,Antitrust,18.48,0,81,17,1,45.0,1,0,0
SYN01368,Counsel,Senior,Other,Other,36.12,0,63,22,1,2.0,1,0,0
SYN01369,Counsel,Senior,London,Private Equity,49.84,1,50,11,1,1.0,1,1,0
SYN01370,Junior Associate,Junior,Other,Other,49.18,0,81,59,1,63.0,1,0,0
SYN01371,Counsel,Senior,Other,Other,35.44,0,81,21,1,13.0,1,1,0
SYN01372,Senior Associate,Senior,London,Corporate Group,30.27,0,81,10,1,18.0,1,0,0
SYN01373,Counsel,Senior,London,Corporate Transactions & Advisory,,0,81,20,1,,0,0,0
SYN01374,Mid-Level Associate,Senior,London,Antitrust,43.96,0,81,72,1,58.0,1,0,0
SYN01375,Senior Associate,Senior,Frankfurt,Other,43.11,0,81,4,1,9.0,1,0,0
SYN01376,Junior Associate,Junior,Paris,Funds & Asset Management,44.84,0,81,32,1,27.0,1,0,0
SYN01377,Trainees,Junior,New York,Corporate Transactions & Advisory,46.02,0,46,4,1,42.0,1,0,0
SYN01378,Mid-Level Associate,Senior,Other,Corporate Group,21.91,0,81,21,1,4.0,1,1,0
SYN01379,Junior Associate,Junior,Other,Corporate Transactions & Advisory,14.94,0,81,13,1,3.0,1,0,0
SYN01380,Junior Associate,Junior,Other,Other,29.24,0,81,25,1,49.0,1,0,0
SYN01381,Partner,Senior,Other,Capital Markets,,0,81,12,1,14.0,1,0,0
SYN01382,Junior Associate,Junior,Other,Other,,0,81,28,1,25.0,1,0,0
SYN01383,Mid-Level Associate,Senior,Paris,Corporate Transactions & Advisory,46.19,55,81,55,1,55.0,1,0,0
SYN01384,Junior Associate,Junior,London,Corporate Transactions & Advisory,27.57,0,81,14,1,,0,0,0
SYN01385,Junior Associate,Junior,Paris,Other,67.67,1,81,57,1,10.0,1,1,0
SYN01386,Junior Associate,Junior,Other,Corporate Group,40.55,32,81,32,1,3.0,1,0,0
SYN01387,Junior Associate,Junior,London,Corporate Group,,33,81,36,1,19.0,1,0,0
SYN01388,Trainees,Junior,Other,Antitrust,39.98,55,81,55,1,64.0,1,0,0
SYN01389,Other,Junior,Other,B&F Group,48.88,2,54,34,1,4.0,1,1,0
SYN01390,Counsel,Senior,Luxembourg,Other,49.35,0,81,20,1,5.0,1,1,0
SYN01391,Trainees,Junior,Other,Other,,2,62,20,1,23.0,1,0,0
SYN01392,Mid-Level Associate,Senior,Other,Other,,0,81,26,1,32.0,1,0,0
SYN01393,Junior Associate,Junior,Other,Other,51.1,0,81,11,1,12.0,1,0,0
SYN01394,Junior Associate,Junior,Paris,Other,40.29,8,81,37,1,6.0,1,1,0
SYN01395,Junior Associate,Junior,London,Other,16.35,0,81,13,1,7.0,1,0,0
SYN01396,Partner,Senior,London,Litigation,43.47,0,81,12,1,16.0,1,0,0
SYN01397,Trainees,Junior,London,Other,46.76,0,81,44,1,3.0,1,1,0
SYN01398,Counsel,Senior,Other,Antitrust,,0,62,29,1,,0,0,0
SYN01399,Junior Associate,Junior,Other,B&F Group,36.85,19,81,81,0,0.0,1,0,0
SYN01400,Partner,Senior,Other,Other,,0,81,20,1,20.0,1,1,0
SYN01401,Junior Associate,Junior,London,Litigation,47.86,0,81,27,1,6.0,1,0,0
SYN01402,Mid-Level Associate,Senior,Other,Other,,0,81,15,1,9.0,1,1,0
SYN01403,Partner,Senior,Frankfurt,Other,,54,81,62,1,2.0,1,1,0
SYN01404,Mid-Level Associate,Senior,New York,Other,40.4,0,81,81,0,,0,0,0
SYN01405,Partner,Senior,Amsterdam,Other,27.56,0,81,3,1,6.0,1,1,0
SYN01406,Partner,Senior,London,Other,45.27,0,47,8,1,32.0,1,0,0
SYN01407,Junior Associate,Junior,London,Litigation,52.01,0,81,3,1,14.0,1,1,0
SYN01408,Trainees,Junior,Other,Other,21.49,0,81,8,1,23.0,1,0,0
SYN01409,Junior Associate,Junior,Paris,Other,29.68,0,81,18,1,8.0,1,1,0
SYN01410,Partner,Senior,Paris,Funds & Asset Management,28.5,2,81,40,1,4.0,1,1,0
SYN01411,Trainees,Junior,Luxembourg,Corporate Transactions & Advisory,48.92,0,81,6,1,4.0,1,0,0
SYN01412,Junior Associate,Junior,Hong Kong,Other,,0,81,3,1,5.0,1,1,0
SYN01413,Mid-Level Associate,Senior,Other,Antitrust,41.33,55,81,55,1,5.0,1,1,0
SYN01414,Mid-Level Associate,Senior,London,Capital Markets,23.97,0,81,45,1,3.0,1,0,0
SYN01415,Mid-Level Associate,Senior,Paris,Other,38.23,0,81,19,1,66.0,1,0,0
SYN01416,Senior Associate,Senior,Other,Capital Markets,36.08,0,81,18,1,18.0,1,0,0
SYN01417,Junior Associate,Junior,New York,Corporate Transactions & Advisory,44.42,55,81,55,1,55.0,1,0,0
SYN01418,Partner,Senior,Other,Arbitration,37.91,0,61,6,1,10.0,1,1,0
SYN01419,Partner,Senior,Madrid,Other,41.96,0,81,7,1,61.0,1,0,0
SYN01420,Other,Junior,Amsterdam,Other,41.66,0,81,20,1,64.0,1,0,0
SYN01421,Partner,Senior,London,Other,33.09,0,81,15,1,25.0,1,0,0
SYN01422,Junior Associate,Junior,Luxembourg,Corporate Transactions & Advisory,47.56,1,81,45,1,6.0,1,1,0
SYN01423,Junior Associate,Junior,London,Corporate Transactions & Advisory,,0,81,60,1,27.0,1,0,0
SYN01424,Junior Associate,Junior,London,Other,49.97,0,81,12,1,8.0,1,0,0
SYN01425,Trainees,Junior,Other,Corporate Group,48.87,33,81,33,1,5.0,1,1,0
SYN01426,Partner,Senior,Paris,Other,26.91,0,70,64,1,1.0,1,1,0
SYN01427,Junior Associate,Junior,Other,Corporate Transactions & Advisory,31.66,0,81,24,1,77.0,1,0,0
SYN01428,Junior Associate,Junior,Other,Other,,1,81,12,1,12.0,1,1,0
SYN01429,Mid-Level Associate,Senior,Luxembourg,Corporate Transactions & Advisory,60.18,0,81,6,1,6.0,1,1,0
SYN01430,Junior Associate,Junior,Luxembourg,Litigation,50.94,0,81,14,1,1.0,1,0,0
SYN01431,Counsel,Senior,London,Capital Markets,32.44,24,81,29,1,6.0,1,1,0
SYN01432,Partner,Senior,London,Corporate Group,54.02,0,81,14,1,33.0,1,1,0
SYN01433,Mid-Level Associate,Senior,Other,Arbitration,28.81,0,81,27,1,,0,0,0
SYN01434,Senior Associate,Senior,Other,Corporate Transactions & Advisory,,35,81,70,1,9.0,1,0,0
SYN01435,Junior Associate,Junior,London,Other,52.55,0,77,77,0,18.0,1,1,0
SYN01436,Junior Associate,Junior,Other,Other,43.5,15,73,30,1,9.0,1,1,0
SYN01437,Partner,Senior,Frankfurt,Other,37.95,0,81,21,1,1.0,1,1,0
SYN01438,Counsel,Senior,London,Other,35.21,7,81,9,1,13.0,1,0,0
SYN01439,Junior Associate,Junior,London,Corporate Transactions & Advisory,30.26,0,81,38,1,38.0,1,0,0
SYN01440,Mid-Level Associate,Senior,London,Arbitration,41.61,0,49,49,0,24.0,1,0,0
SYN01441,Senior Associate,Senior,London,Litigation,42.96,0,81,34,1,35.0,1,0,0
SYN01442,Trainees,Junior,Paris,Other,,0,81,14,1,2.0,1,1,0
SYN01443,Mid-Level Associate,Senior,London,Corporate Transactions & Advisory,71.77,0,81,8,1,63.0,1,0,0
SYN01444,Mid-Level Associate,Senior,Other,Other,18.3,10,81,46,1,30.0,1,0,0
SYN01445,Partner,Senior,Other,Other,47.52,26,81,26,1,,0,0,0
SYN01446,Mid-Level Associate,Senior,Other,Other,26.66,0,81,30,1,68.0,1,0,0
SYN01447,Junior Associate,Junior,London,Antitrust,40.76,0,81,5,1,10.0,1,0,0
SYN01448,Junior Associate,Junior,Frankfurt,Arbitration,42.32,0,81,21,1,21.0,1,0,0
SYN01449,Mid-Level Associate,Senior,London,Private Equity,,0,81,3,1,12.0,1,1,0
SYN01450,Trainees,Junior,London,Arbitration,,0,81,6,1,,0,0,0
SYN01451,Partner,Senior,Other,Litigation,,1,81,72,1,72.0,1,1,0
SYN01452,Mid-Level Associate,Senior,Other,Arbitration,59.37,0,58,31,1,,0,0,0
SYN01453,Junior Associate,Junior,Madrid,Antitrust,36.62,0,49,9,1,11.0,1,1,0
SYN01454,Senior Associate,Senior,Other,Other,36.59,0,81,10,1,44.0,1,0,0
SYN01455,Mid-Level Associate,Senior,New York,Antitrust,40.56,0,77,8,1,14.0,1,0,0
SYN01456,Other,Junior,Other,Corporate Transactions & Advisory,32.56,0,81,38,1,4.0,1,1,0
SYN01457,Partner,Senior,Other,Funds & Asset Management,40.75,0,81,18,1,18.0,1,0,0
SYN01458,Partner,Senior,New York,Other,42.65,0,81,8,1,11.0,1,0,0
SYN01459,Trainees,Junior,Other,Other,48.24,0,81,29,1,15.0,1,1,0
SYN01460,Partner,Senior,New York,Corporate Transactions & Advisory,41.22,0,81,26,1,3.0,1,1,0
SYN01461,Other,Junior,Other,Other,52.65,0,81,13,1,5.0,1,1,0
SYN01462,Senior Associate,Senior,Other,Other,69.55,0,81,81,0,23.0,1,0,0
SYN01463,Junior Associate,Junior,Other,Other,50.64,0,78,30,1,13.0,1,1,0
SYN01464,Trainees,Junior,London,Private Equity,40.81,0,81,7,1,40.0,1,0,0
SYN01465,Partner,Senior,London,Other,38.1,1,53,17,1,1.0,1,1,0
SYN01466,Trainees,Junior,Other,Other,26.17,0,68,44,1,54.0,1,0,0
SYN01467,Other,Junior,London,Private Equity,50.77,13,47,28,1,6.0,1,0,0
SYN01468,Counsel,Senior,Paris,Other,41.91,0,81,12,1,8.0,1,1,0
SYN01469,Partner,Senior,London,Other,41.51,0,81,26,1,30.0,1,1,0
SYN01470,Partner,Senior,Paris,Projects,14.73,0,81,50,1,8.0,1,1,0
SYN01471,Trainees,Junior,Other,Other,,0,81,81,0,22.0,1,0,0
SYN01472,Mid-Level Associate,Senior,London,Other,,0,81,48,1,69.0,1,0,0
SYN01473,Junior Associate,Junior,London,Corporate Group,52.73,0,81,6,1,,0,0,0
SYN01474,Partner,Senior,Other,Other,,0,81,6,1,10.0,1,1,0
SYN01475,Junior Associate,Junior,London,Other,43.38,0,63,19,1,10.0,1,0,0
SYN01476,Junior Associate,Junior,London,Corporate Transactions & Advisory,23.67,0,50,24,1,37.0,1,0,0
SYN01477,Junior Associate,Junior,London,Corporate Group,40.06,0,81,26,1,12.0,1,0,0
SYN01478,Mid-Level Associate,Senior,New York,Other,28.13,0,67,50,1,20.0,1,1,0
SYN01479,Junior Associate,Junior,London,Other,,19,81,24,1,69.0,1,0,0
SYN01480,Trainees,Junior,Other,Corporate Group,,0,81,16,1,45.0,1,0,0
SYN01481,Mid-Level Associate,Senior,Paris,Corporate Transactions & Advisory,45.11,25,81,25,1,45.0,1,0,0
SYN01482,Junior Associate,Junior,New York,Other,65.67,1,81,26,1,,0,0,0
SYN01483,Partner,Senior,London,Projects,59.94,45,81,45,1,4.0,1,1,0
SYN01484,Mid-Level Associate,Senior,London,Corporate Group,47.39,8,81,20,1,8.0,1,0,0
SYN01485,Mid-Level Associate,Senior,Other,Corporate Transactions & Advisory,35.41,1,81,67,1,5.0,1,0,0
SYN01486,Mid-Level Associate,Senior,Other,Arbitration,19.5,0,81,43,1,20.0,1,0,0
SYN01487,Junior Associate,Junior,Madrid,Funds & Asset Management,48.29,0,81,10,1,60.0,1,0,0
SYN01488,Counsel,Senior,Other,Litigation,49.5,0,81,26,1,4.0,1,1,0
SYN01489,Mid-Level Associate,Senior,London,Other,,25,81,81,0,13.0,1,0,0
SYN01490,Partner,Senior,London,Other,38.41,0,55,12,1,12.0,1,1,0
SYN01491,Mid-Level Associate,Senior,New York,Corporate Transactions & Advisory,32.7,10,81,10,1,7.0,1,1,0
SYN01492,Junior Associate,Junior,Luxembourg,Corporate Group,35.84,0,67,6,1,5.0,1,1,0
SYN01493,Partner,Senior,Luxembourg,Litigation,53.92,8,55,26,1,19.0,1,0,0
SYN01494,Trainees,Junior,New York,Corporate Transactions & Advisory,41.49,55,69,55,1,11.0,1,1,0
SYN01495,Partner,Senior,London,Arbitration,47.7,0,81,36,1,9.0,1,1,0
SYN01496,Mid-Level Associate,Senior,Luxembourg,Arbitration,41.16,0,81,12,1,20.0,1,0,0
SYN01497,Junior Associate,Junior,Other,Corporate Transactions & Advisory,46.39,0,81,81,0,12.0,1,0,0
SYN01498,Trainees,Junior,London,Corporate Transactions & Advisory,27.66,36,81,36,1,40.0,1,0,0
SYN01499,Partner,Senior,London,Other,23.64,0,81,20,1,4.0,1,1,0
SYN01500,Junior Associate,Junior,London,Capital Markets,,0,81,81,0,48.0,1,0,0
SYN01501,Mid-Level Associate,Senior,London,Other,57.06,0,61,6,1,8.0,1,0,0
SYN01502,Mid-Level Associate,Senior,Other,Other,38.82,0,81,3,1,5.0,1,1,0
SYN01503,Senior Associate,Senior,Amsterdam,Other,52.38,0,81,72,1,3.0,1,0,0
SYN01504,Partner,Senior,London,Litigation,41.44,0,81,30,1,,0,0,0
SYN01505,Counsel,Senior,Hong Kong,Litigation,52.17,0,81,81,0,,0,0,0
SYN01506,Partner,Senior,Amsterdam,Corporate Transactions & Advisory,41.76,0,53,1,1,21.0,1,0,0
SYN01507,Counsel,Senior,Other,Corporate Transactions & Advisory,26.61,0,81,49,1,6.0,1,1,0
SYN01508,Junior Associate,Junior,London,Corporate Transactions & Advisory,34.79,0,81,4,1,9.0,1,0,0
SYN01509,Trainees,Junior,London,Projects,33.35,1,81,47,1,1.0,1,1,0
SYN01510,Trainees,Junior,London,Capital Markets,18.24,0,81,81,0,5.0,1,0,0
SYN01511,Junior Associate,Junior,Other,Funds & Asset Management,43.56,0,81,7,1,11.0,1,0,0
SYN01512,Partner,Senior,London,Corporate Group,44.35,0,81,5,1,32.0,1,0,0
SYN01513,Partner,Senior,New York,Arbitration,22.75,0,81,32,1,2.0,1,1,0
SYN01514,Partner,Senior,London,Funds & Asset Management,,0,47,5,1,,0,0,0
SYN01515,Junior Associate,Junior,London,Capital Markets,43.9,0,81,32,1,8.0,1,0,0
SYN01516,Mid-Level Associate,Senior,London,Funds & Asset Management,27.87,0,81,9,1,20.0,1,0,0
SYN01517,Junior Associate,Junior,London,Other,,0,81,10,1,54.0,1,0,0
SYN01518,Mid-Level Associate,Senior,London,Other,35.24,0,81,81,0,28.0,1,0,0
SYN01519,Partner,Senior,London,Other,41.17,55,81,55,1,55.0,1,0,0
SYN01520,Trainees,Junior,Other,Capital Markets,59.88,30,81,32,1,16.0,1,0,0
SYN01521,Trainees,Junior,Paris,Litigation,,1,81,7,1,19.0,1,0,0
SYN01522,Counsel,Senior,Other,Corporate Transactions & Advisory,31.96,17,75,30,1,27.0,1,0,0
SYN01523,Junior Associate,Junior,Madrid,Private Equity,31.42,19,54,19,1,23.0,1,1,0
SYN01524,Counsel,Senior,Other,Projects,,0,81,28,1,7.0,1,0,0
SYN01525,Trainees,Junior,New York,Projects,50.49,0,81,23,1,6.0,1,0,0
SYN01526,Junior Associate,Junior,Frankfurt,Corporate Group,32.95,22,81,40,1,59.0,1,0,0
SYN01527,Partner,Senior,Other,Litigation,,11,81,22,1,8.0,1,1,0
SYN01528,Junior Associate,Junior,Other,Corporate Transactions & Advisory,25.61,22,81,45,1,26.0,1,0,0
SYN01529,Other,Junior,London,Corporate Group,28.85,0,81,19,1,1.0,1,1,0
SYN01530,Mid-Level Associate,Senior,Other,Corporate Transactions & Advisory,44.24,15,81,23,1,3.0,1,0,0
SYN01531,Partner,Senior,London,Other,15.75,47,81,47,1,3.0,1,0,0
SYN01532,Junior Associate,Junior,Other,Corporate Transactions & Advisory,52.65,13,81,15,1,15.0,1,1,0
SYN01533,Mid-Level Associate,Senior,New York,Corporate Transactions & Advisory,,0,81,46,1,68.0,1,0,0
SYN01534,Senior Associate,Senior,London,Other,,0,81,14,1,15.0,1,1,0
SYN01535,Partner,Senior,London,Other,,0,81,25,1,8.0,1,0,0
SYN01536,Partner,Senior,Frankfurt,Other,46.3,0,63,7,1,15.0,1,0,0
SYN01537,Junior Associate,Junior,Paris,Funds & Asset Management,42.46,0,81,10,1,,0,0,0
SYN01538,Junior Associate,Junior,Paris,Other,,0,81,4,1,27.0,1,0,0
SYN01539,Other,Junior,London,Corporate Transactions & Advisory,24.11,0,81,9,1,10.0,1,1,0
SYN01540,Junior Associate,Junior,London,Corporate Transactions & Advisory,63.46,13,81,20,1,10.0,1,1,0
SYN01541,Partner,Senior,London,Projects,29.64,0,61,38,1,,0,0,0
SYN01542,Counsel,Senior,Other,Antitrust,41.68,0,81,29,1,,0,0,0
SYN01543,Partner,Senior,Other,B&F Group,47.13,7,81,43,1,,0,0,0
SYN01544,Mid-Level Associate,Senior,Other,Corporate Transactions & Advisory,,0,81,33,1,1.0,1,1,0
SYN01545,Junior Associate,Junior,Other,Projects,47.76,0,81,8,1,9.0,1,1,0
SYN01546,Counsel,Senior,London,Funds & Asset Management,53.99,0,45,9,1,14.0,1,1,0
SYN01547,Mid-Level Associate,Senior,Amsterdam,Projects,23.64,0,81,5,1,5.0,1,0,0
SYN01548,Junior Associate,Junior,London,Funds & Asset Management,37.69,10,81,65,1,65.0,1,1,0
SYN01549,Partner,Senior,London,Other,32.65,0,81,17,1,12.0,1,1,0
SYN01550,Junior Associate,Junior,Other,Other,64.51,13,81,81,0,29.0,1,0,0
SYN01551,Mid-Level Associate,Senior,Luxembourg,B&F Group,17.81,0,81,75,1,2.0,1,1,0
SYN01552,Mid-Level Associate,Senior,Frankfurt,Antitrust,27.05,0,81,37,1,2.0,1,1,0
SYN01553,Mid-Level Associate,Senior,Other,Other,49.62,0,81,11,1,,0,0,0
SYN01554,Partner,Senior,London,Arbitration,23.69,0,81,2,1,50.0,1,0,0
SYN01555,Junior Associate,Junior,New York,Other,,0,50,16,1,16.0,1,0,0
SYN01556,Partner,Senior,Other,Antitrust,,18,81,18,1,25.0,1,0,0
SYN01557,Junior Associate,Junior,Amsterdam,Arbitration,54.8,18,80,45,1,45.0,1,0,0
SYN01558,Partner,Senior,Amsterdam,Other,22.87,0,81,7,1,43.0,1,0,0
SYN01559,Mid-Level Associate,Senior,London,Other,35.0,0,81,48,1,48.0,1,0,0
SYN01560,Junior Associate,Junior,London,Other,54.54,25,81,25,1,4.0,1,0,0
SYN01561,Partner,Senior,Other,Other,28.49,0,81,25,1,9.0,1,0,0
SYN01562,Trainees,Junior,Other,Projects,33.31,1,81,27,1,9.0,1,1,0
SYN01563,Mid-Level Associate,Senior,Other,Antitrust,,0,81,52,1,8.0,1,1,0
SYN01564,Senior Associate,Senior,London,Projects,38.63,0,81,18,1,48.0,1,0,0
SYN01565,Partner,Senior,Other,Arbitration,36.25,0,57,3,1,5.0,1,0,0
SYN01566,Junior Associate,Junior,Other,Corporate Transactions & Advisory,53.16,0,81,20,1,15.0,1,0,0
SYN01567,Partner,Senior,New York,Other,35.4,2,81,3,1,11.0,1,1,0
SYN01568,Junior Associate,Junior,Other,Other,,0,81,38,1,11.0,1,0,0
SYN01569,Partner,Senior,Madrid,B&F Group,,0,81,17,1,,0,0,0
SYN01570,Mid-Level Associate,Senior,London,Antitrust,36.48,0,81,24,1,11.0,1,1,0
SYN01571,Junior Associate,Junior,Paris,Litigation,,19,81,19,1,4.0,1,0,0
SYN01572,Junior Associate,Junior,New York,Other,39.87,0,81,52,1,,0,0,0
SYN01573,Counsel,Senior,London,Other,52.98,0,81,33,1,,0,0,0
SYN01574,Trainees,Junior,Other,Private Equity,39.31,0,71,71,0,35.0,1,0,0
SYN01575,Partner,Senior,Hong Kong,Other,39.67,0,81,26,1,,0,0,0
SYN01576,Partner,Senior,Hong Kong,Other,12.19,0,81,2,1,17.0,1,0,0
SYN01577,Counsel,Senior,Amsterdam,Corporate Transactions & Advisory,,1,81,10,1,78.0,1,0,0
SYN01578,Counsel,Senior,Other,Antitrust,31.71,0,81,31,1,9.0,1,1,0
SYN01579,Junior Associate,Junior,Other,Other,,1,48,8,1,1.0,1,0,0
SYN01580,Junior Associate,Junior,London,Other,,0,81,38,1,25.0,1,0,0
SYN01581,Trainees,Junior,Other,Antitrust,,0,81,32,1,12.0,1,0,0
SYN01582,Senior Associate,Senior,Amsterdam,Other,14.57,38,81,38,1,4.0,1,0,0
SYN01583,Senior Associate,Senior,Madrid,Other,34.79,18,81,24,1,57.0,1,0,0
SYN01584,Trainees,Junior,New York,Other,31.69,0,48,48,0,2.0,1,1,0
SYN01585,Counsel,Senior,London,Capital Markets,32.52,0,73,1,1,10.0,1,1,0
SYN01586,Trainees,Junior,Other,Antitrust,,0,81,70,1,14.0,1,1,0
SYN01587,Mid-Level Associate,Senior,Other,Other,,0,81,15,1,11.0,1,1,0
SYN01588,Partner,Senior,London,Corporate Transactions & Advisory,17.49,0,81,13,1,14.0,1,0,0
SYN01589,Counsel,Senior,London,Corporate Group,40.1,0,81,4,1,8.0,1,0,0
SYN01590,Mid-Level Associate,Senior,Paris,Corporate Group,,0,81,31,1,16.0,1,1,0
SYN01591,Junior Associate,Junior,New York,Corporate Group,34.38,0,81,21,1,,0,0,0
SYN01592,Junior Associate,Junior,Hong Kong,Other,43.07,3,55,30,1,18.0,1,0,0
SYN01593,Counsel,Senior,Paris,Other,31.31,0,81,41,1,2.0,1,1,0
SYN01594,Mid-Level Associate,Senior,Hong Kong,Antitrust,,0,81,39,1,8.0,1,0,0
SYN01595,Counsel,Senior,London,Funds & Asset Management,43.25,0,81,81,0,24.0,1,0,0
SYN01596,Junior Associate,Junior,London,Funds & Asset Management,52.86,0,81,47,1,8.0,1,1,0
SYN01597,Mid-Level Associate,Senior,Other,Corporate Transactions & Advisory,,0,81,80,1,21.0,1,1,0
SYN01598,Other,Junior,New York,Capital Markets,32.7,0,81,24,1,6.0,1,1,0
SYN01599,Junior Associate,Junior,Other,Other,32.36,0,81,10,1,5.0,1,1,0
SYN01600,Junior Associate,Junior,Other,Other,64.42,0,54,4,1,22.0,1,0,0
SYN01601,Junior Associate,Junior,Other,Other,62.5,0,64,44,1,44.0,1,0,0
SYN01602,Trainees,Junior,Luxembourg,Arbitration,39.96,0,81,13,1,8.0,1,1,0
SYN01603,Junior Associate,Junior,Other,Other,44.99,0,81,13,1,22.0,1,0,0
SYN01604,Counsel,Senior,Madrid,Corporate Group,47.02,0,81,39,1,48.0,1,0,0
SYN01605,Counsel,Senior,Other,Projects,4.87,0,81,34,1,20.0,1,0,0
SYN01606,Mid-Level Associate,Senior,Other,Other,24.18,0,81,28,1,5.0,1,0,0
SYN01607,Senior Associate,Senior,New York,Funds & Asset Management,44.67,0,81,26,1,3.0,1,1,0
SYN01608,Junior Associate,Junior,London,Funds & Asset Management,36.45,0,81,53,1,5.0,1,1,0
SYN01609,Trainees,Junior,New York,Corporate Group,40.76,0,81,1,1,8.0,1,1,0
SYN01610,Junior Associate,Junior,London,Other,,19,81,40,1,35.0,1,0,0
SYN01611,Senior Associate,Senior,Amsterdam,Other,24.89,0,81,31,1,51.0,1,0,0
SYN01612,Senior Associate,Senior,Other,Projects,59.03,0,81,4,1,60.0,1,0,0
SYN01613,Junior Associate,Junior,London,Corporate Transactions & Advisory,,40,81,40,1,24.0,1,0,0
SYN01614,Partner,Senior,Paris,Corporate Group,32.29,0,81,26,1,26.0,1,0,0
SYN01615,Partner,Senior,London,Other,43.87,17,81,52,1,2.0,1,0,0
SYN01616,Trainees,Junior,London,Corporate Transactions & Advisory,18.1,0,81,53,1,11.0,1,1,0
SYN01617,Senior Associate,Senior,Hong Kong,Other,31.07,0,54,54,0,,0,0,0
SYN01618,Mid-Level Associate,Senior,New York,Funds & Asset Management,,0,81,42,1,50.0,1,0,0
SYN01619,Trainees,Junior,Other,Corporate Transactions & Advisory,70.96,38,81,38,1,26.0,1,1,0
SYN01620,Junior Associate,Junior,Amsterdam,Corporate Transactions & Advisory,,1,81,24,1,,0,0,0
SYN01621,Partner,Senior,Madrid,Corporate Group,40.19,0,81,5,1,23.0,1,0,0
SYN01622,Mid-Level Associate,Senior,Other,Capital Markets,25.02,1,81,38,1,12.0,1,0,0
SYN01623,Senior Associate,Senior,London,Other,40.1,0,81,13,1,9.0,1,1,0
SYN01624,Junior Associate,Junior,London,Other,49.79,0,79,11,1,11.0,1,0,0
SYN01625,Mid-Level Associate,Senior,London,Other,39.9,26,81,26,1,,0,0,0
SYN01626,Partner,Senior,Amsterdam,Arbitration,65.15,0,47,47,0,8.0,1,0,0
SYN01627,Partner,Senior,London,Corporate Transactions & Advisory,39.7,0,81,15,1,12.0,1,0,0
SYN01628,Other,Junior,London,Other,28.6,0,81,12,1,18.0,1,0,0
SYN01629,Mid-Level Associate,Senior,Other,Arbitration,30.53,0,66,5,1,44.0,1,0,0
SYN01630,Partner,Senior,London,Antitrust,15.43,0,74,37,1,,0,0,0
SYN01631,Mid-Level Associate,Senior,London,Corporate Group,42.66,7,81,7,1,0.0,1,1,0
SYN01632,Mid-Level Associate,Senior,Other,Other,44.54,0,81,17,1,10.0,1,0,0
SYN01633,Junior Associate,Junior,Luxembourg,Arbitration,39.83,0,79,21,1,4.0,1,0,0
SYN01634,Mid-Level Associate,Senior,London,Projects,56.92,0,81,9,1,8.0,1,1,0
SYN01635,Junior Associate,Junior,Other,Other,,0,78,78,0,30.0,1,0,0
SYN01636,Junior Associate,Junior,Madrid,Private Equity,27.83,34,81,61,1,69.0,1,0,0
SYN01637,Counsel,Senior,Other,Antitrust,,0,81,81,0,6.0,1,1,0
SYN01638,Junior Associate,Junior,Other,Corporate Transactions & Advisory,34.25,0,81,81,0,16.0,1,0,0
SYN01639,Junior Associate,Junior,Other,Litigation,27.32,0,81,15,1,20.0,1,0,0
SYN01640,Mid-Level Associate,Senior,Other,Other,,0,81,19,1,20.0,1,1,0
SYN01641,Other,Junior,London,Antitrust,55.26,0,81,3,1,4.0,1,0,0
SYN01642,Partner,Senior,Other,Other,,55,81,56,1,12.0,1,0,0
SYN01643,Junior Associate,Junior,Hong Kong,Litigation,28.14,0,81,33,1,6.0,1,0,0
SYN01644,Trainees,Junior,London,Corporate Transactions & Advisory,,0,81,81,0,11.0,1,1,0
SYN01645,Trainees,Junior,Other,Antitrust,5.05,0,81,14,1,2.0,1,1,0
SYN01646,Partner,Senior,New York,Projects,36.15,0,81,3,1,48.0,1,0,0
SYN01647,Trainees,Junior,London,Corporate Transactions & Advisory,21.0,0,81,44,1,7.0,1,1,0
SYN01648,Partner,Senior,London,Corporate Transactions & Advisory,3.67,0,81,3,1,24.0,1,1,0
SYN01649,Trainees,Junior,Other,Other,20.93,0,81,1,1,14.0,1,1,0
SYN01650,Junior Associate,Junior,London,Other,46.99,55,79,55,1,27.0,1,1,0
SYN01651,Trainees,Junior,Luxembourg,Arbitration,46.61,0,81,18,1,,0,0,0
SYN01652,Trainees,Junior,London,Other,30.27,0,81,52,1,15.0,1,0,0
SYN01653,Partner,Senior,London,Other,32.02,0,47,47,0,,0,0,0
SYN01654,Trainees,Junior,Paris,Other,36.19,0,81,4,1,32.0,1,0,0
SYN01655,Mid-Level Associate,Senior,Frankfurt,Corporate Transactions & Advisory,30.91,0,74,74,1,21.0,1,0,0
SYN01656,Mid-Level Associate,Senior,Other,Other,,0,81,81,0,34.0,1,0,0
SYN01657,Junior Associate,Junior,London,Projects,47.34,0,50,45,1,8.0,1,1,0
SYN01658,Partner,Senior,London,Antitrust,49.2,0,81,21,1,9.0,1,0,0
SYN01659,Partner,Senior,Other,Corporate Transactions & Advisory,31.45,18,81,18,1,18.0,1,1,0
SYN01660,Junior Associate,Junior,Frankfurt,Capital Markets,25.23,0,46,35,1,8.0,1,1,0
SYN01661,Partner,Senior,London,Antitrust,28.99,0,81,19,1,13.0,1,1,0
SYN01662,Trainees,Junior,Other,Other,27.79,5,81,13,1,,0,0,0
SYN01663,Junior Associate,Junior,Hong Kong,Other,47.9,6,81,22,1,1.0,1,1,0
SYN01664,Mid-Level Associate,Senior,Frankfurt,Corporate Group,30.53,0,81,38,1,1.0,1,1,0
SYN01665,Junior Associate,Junior,Luxembourg,Litigation,29.0,15,81,24,1,3.0,1,1,0
SYN01666,Counsel,Senior,Other,Projects,0.0,0,81,38,1,63.0,1,0,0
SYN01667,Mid-Level Associate,Senior,Paris,Projects,34.83,7,81,9,1,2.0,1,1,0
SYN01668,Trainees,Junior,Other,Other,37.79,1,81,1,1,22.0,1,0,0
SYN01669,Junior Associate,Junior,Other,Other,39.54,0,81,11,1,17.0,1,0,0
SYN01670,Trainees,Junior,London,Other,36.41,5,81,59,1,,0,0,0
SYN01671,Partner,Senior,Luxembourg,Arbitration,13.39,0,81,10,1,18.0,1,0,0
SYN01672,Trainees,Junior,Luxembourg,Other,54.63,0,81,47,1,13.0,1,0,0
SYN01673,Other,Junior,London,Corporate Group,26.95,0,81,22,1,42.0,1,0,0
SYN01674,Other,Junior,Other,Corporate Transactions & Advisory,,0,81,6,1,6.0,1,1,0
SYN01675,Partner,Senior,Other,Other,34.85,0,81,81,0,48.0,1,0,0
SYN01676,Partner,Senior,London,B&F Group,36.87,0,81,2,1,0.0,1,1,0
SYN01677,Mid-Level Associate,Senior,Other,Litigation,36.44,11,81,11,1,22.0,1,0,0
SYN01678,Junior Associate,Junior,London,B&F Group,29.91,14,81,71,1,50.0,1,0,0
SYN01679,Mid-Level Associate,Senior,Frankfurt,Other,49.67,0,81,12,1,12.0,1,1,0
SYN01680,Trainees,Junior,Other,Antitrust,57.32,1,81,3,1,,0,0,0
SYN01681,Trainees,Junior,Paris,Capital Markets,25.33,0,81,24,1,21.0,1,1,0
SYN01682,Mid-Level Associate,Senior,London,Other,46.7,0,81,18,1,6.0,1,1,0
SYN01683,Trainees,Junior,New York,Corporate Group,33.03,0,81,28,1,20.0,1,0,0
SYN01684,Junior Associate,Junior,Luxembourg,Litigation,51.73,0,49,49,0,27.0,1,0,0
SYN01685,Junior Associate,Junior,London,Other,,0,81,26,1,4.0,1,0,0
SYN01686,Junior Associate,Junior,Paris,Funds & Asset Management,15.24,0,81,38,1,30.0,1,0,0
SYN01687,Trainees,Junior,Madrid,Other,48.3,0,48,46,1,18.0,1,1,0
SYN01688,Counsel,Senior,London,Litigation,35.11,0,81,51,1,21.0,1,1,0
SYN01689,Partner,Senior,Amsterdam,Funds & Asset Management,32.4,0,81,4,1,37.0,1,0,0
SYN01690,Partner,Senior,Other,Other,49.59,0,81,55,1,3.0,1,1,0
SYN01691,Trainees,Junior,London,Projects,29.59,0,81,14,1,10.0,1,0,0
SYN01692,Mid-Level Associate,Senior,Other,Corporate Group,39.21,0,81,4,1,2.0,1,0,0
SYN01693,Mid-Level Associate,Senior,Amsterdam,Corporate Group,64.07,0,55,9,1,,0,0,0
SYN01694,Counsel,Senior,London,Other,33.13,14,81,19,1,8.0,1,0,0
SYN01695,Junior Associate,Junior,Other,Other,27.51,0,81,3,1,26.0,1,0,0
SYN01696,Partner,Senior,Other,Corporate Group,59.55,0,81,36,1,36.0,1,1,0
SYN01697,Partner,Senior,Frankfurt,Other,66.64,0,69,10,1,10.0,1,1,0
SYN01698,Senior Associate,Senior,London,Private Equity,29.13,0,81,8,1,2.0,1,1,0
SYN01699,Junior Associate,Junior,Other,Arbitration,66.94,0,81,3,1,,0,0,0
SYN01700,Senior Associate,Senior,Other,Other,36.18,21,81,21,1,72.0,1,0,0
SYN01701,Trainees,Junior,Other,Private Equity,45.57,36,81,75,1,21.0,1,0,0
SYN01702,Partner,Senior,Paris,Corporate Transactions & Advisory,33.98,0,81,81,0,,0,0,0
SYN01703,Partner,Senior,Other,Funds & Asset Management,43.3,0,81,81,0,6.0,1,1,0
SYN01704,Trainees,Junior,Paris,Other,54.13,0,81,2,1,8.0,1,1,0
SYN01705,Partner,Senior,Amsterdam,Other,32.77,1,81,3,1,80.0,1,0,0
SYN01706,Mid-Level Associate,Senior,London,Other,22.58,0,56,42,1,9.0,1,1,0
SYN01707,Partner,Senior,Other,Other,37.15,0,81,4,1,21.0,1,0,0
SYN01708,Partner,Senior,Other,Funds & Asset Management,,6,60,25,1,10.0,1,0,0
SYN01709,Senior Associate,Senior,Luxembourg,Arbitration,38.36,0,81,48,1,48.0,1,1,0
SYN01710,Trainees,Junior,Frankfurt,Corporate Transactions & Advisory,,0,81,29,1,45.0,1,0,0
SYN01711,Counsel,Senior,New York,Funds & Asset Management,38.97,0,81,23,1,1.0,1,1,0
SYN01712,Counsel,Senior,New York,Capital Markets,44.1,0,81,18,1,11.0,1,1,0
SYN01713,Junior Associate,Junior,London,Projects,51.01,0,81,26,1,12.0,1,1,0
SYN01714,Trainees,Junior,Other,Other,30.43,1,81,4,1,7.0,1,0,0
SYN01715,Mid-Level Associate,Senior,New York,Other,41.24,17,53,35,1,35.0,1,0,0
SYN01716,Partner,Senior,Other,Other,,0,81,36,1,36.0,1,0,0
SYN01717,Mid-Level Associate,Senior,Other,Arbitration,,0,81,6,1,35.0,1,1,0
SYN01718,Junior Associate,Junior,Amsterdam,B&F Group,29.07,0,81,33,1,1.0,1,1,0
SYN01719,Counsel,Senior,Amsterdam,Other,,0,81,8,1,4.0,1,0,0
SYN01720,Trainees,Junior,Other,Other,,0,81,7,1,5.0,1,1,0
SYN01721,Mid-Level Associate,Senior,Other,Other,46.39,0,81,42,1,,0,0,0
SYN01722,Trainees,Junior,Other,Other,54.38,0,81,35,1,10.0,1,0,0
SYN01723,Trainees,Junior,London,Other,38.24,0,81,18,1,3.0,1,1,0
SYN01724,Junior Associate,Junior,Other,Other,,0,81,81,0,11.0,1,0,0
SYN01725,Junior Associate,Junior,Other,Funds & Asset Management,35.58,0,81,48,1,55.0,1,0,0
SYN01726,Junior Associate,Junior,London,Corporate Transactions & Advisory,21.78,0,81,8,1,5.0,1,0,0
SYN01727,Junior Associate,Junior,London,Corporate Transactions & Advisory,,24,81,24,1,8.0,1,1,0
SYN01728,Junior Associate,Junior,New York,B&F Group,24.18,1,81,81,0,60.0,1,0,0
SYN01729,Trainees,Junior,Frankfurt,Corporate Transactions & Advisory,,0,81,37,1,9.0,1,1,0
SYN01730,Partner,Senior,London,Other,,0,81,22,1,23.0,1,1,0
SYN01731,Partner,Senior,Frankfurt,Litigation,43.71,0,81,9,1,9.0,1,0,0
SYN01732,Partner,Senior,London,Arbitration,35.48,0,81,2,1,6.0,1,0,0
SYN01733,Mid-Level Associate,Senior,New York,Litigation,28.47,35,81,35,1,,0,0,0
SYN01734,Partner,Senior,London,Other,45.83,0,81,15,1,36.0,1,0,0
SYN01735,Mid-Level Associate,Senior,Other,Funds & Asset Management,,0,81,31,1,31.0,1,0,0
SYN01736,Partner,Senior,London,Capital Markets,32.59,0,81,21,1,21.0,1,1,0
SYN01737,Junior Associate,Junior,Paris,Corporate Group,19.77,0,81,56,1,10.0,1,0,0
SYN01738,Mid-Level Associate,Senior,London,Other,37.02,0,81,37,1,27.0,1,0,0
SYN01739,Partner,Senior,Luxembourg,Other,39.12,0,81,5,1,17.0,1,1,0
SYN01740,Partner,Senior,London,Other,46.13,0,81,22,1,68.0,1,0,0
SYN01741,Mid-Level Associate,Senior,London,Corporate Group,26.28,0,81,8,1,8.0,1,1,0
SYN01742,Trainees,Junior,London,Other,,0,81,25,1,8.0,1,1,0
SYN01743,Partner,Senior,Other,Corporate Transactions & Advisory,32.4,6,81,13,1,13.0,1,1,0
SYN01744,Junior Associate,Junior,Paris,Other,44.08,0,81,20,1,8.0,1,0,0
SYN01745,Mid-Level Associate,Senior,Paris,Other,,0,81,28,1,,0,0,0
SYN01746,Senior Associate,Senior,Paris,Other,45.46,0,81,17,1,42.0,1,0,0
SYN01747,Junior Associate,Junior,London,Other,,0,81,48,1,35.0,1,0,0
SYN01748,Counsel,Senior,Other,Projects,,0,81,23,1,18.0,1,0,0
SYN01749,Junior Associate,Junior,London,Other,31.69,0,61,3,1,1.0,1,0,0
SYN01750,Senior Associate,Senior,Paris,Funds & Asset Management,41.75,23,81,43,1,54.0,1,0,0
SYN01751,Mid-Level Associate,Senior,Paris,Other,,0,81,44,1,8.0,1,1,0
SYN01752,Trainees,Junior,Luxembourg,Other,29.66,0,60,14,1,11.0,1,1,0
SYN01753,Junior Associate,Junior,Other,Other,33.86,2,81,22,1,22.0,1,0,0
SYN01754,Mid-Level Associate,Senior,Frankfurt,Other,28.2,0,81,8,1,26.0,1,0,0
SYN01755,Junior Associate,Junior,Amsterdam,Other,,0,81,11,1,2.0,1,0,0
SYN01756,Trainees,Junior,Other,Other,,0,81,17,1,41.0,1,0,0
SYN01757,Mid-Level Associate,Senior,Frankfurt,Arbitration,,3,53,7,1,1.0,1,1,0
SYN01758,Partner,Senior,New York,Corporate Transactions & Advisory,39.08,0,81,48,1,7.0,1,0,0
SYN01759,Mid-Level Associate,Senior,Other,Corporate Group,26.59,0,81,27,1,38.0,1,0,0
SYN01760,Junior Associate,Junior,London,Other,39.8,0,81,7,1,7.0,1,1,0
SYN01761,Mid-Level Associate,Senior,London,Other,49.04,0,81,45,1,13.0,1,0,0
SYN01762,Trainees,Junior,Other,Arbitration,60.8,0,81,81,0,18.0,1,0,0
SYN01763,Mid-Level Associate,Senior,New York,Other,48.29,0,81,9,1,24.0,1,0,0
SYN01764,Junior Associate,Junior,Paris,B&F Group,,0,81,5,1,6.0,1,0,0
SYN01765,Junior Associate,Junior,Luxembourg,Projects,,0,81,18,1,,0,0,0
SYN01766,Junior Associate,Junior,Other,Funds & Asset Management,,0,81,36,1,15.0,1,0,0
SYN01767,Mid-Level Associate,Senior,London,Arbitration,26.49,0,81,79,1,17.0,1,1,0
SYN01768,Junior Associate,Junior,Hong Kong,Corporate Transactions & Advisory,,0,81,41,1,10.0,1,1,0
SYN01769,Mid-Level Associate,Senior,Other,Antitrust,52.83,0,81,11,1,26.0,1,0,0
SYN01770,Trainees,Junior,Other,Other,,41,81,41,1,43.0,1,0,0
SYN01771,Trainees,Junior,Other,Antitrust,41.12,23,81,23,1,,0,0,0
SYN01772,Senior Associate,Senior,London,Other,23.52,25,81,25,1,79.0,1,0,0
SYN01773,Mid-Level Associate,Senior,Hong Kong,Corporate Group,,0,81,14,1,14.0,1,0,0
SYN01774,Junior Associate,Junior,Other,Other,33.75,0,81,22,1,30.0,1,0,0
SYN01775,Mid-Level Associate,Senior,New York,Corporate Transactions & Advisory,54.59,0,81,13,1,5.0,1,0,0
SYN01776,Partner,Senior,Amsterdam,Corporate Transactions & Advisory,45.52,0,81,4,1,2.0,1,1,0
SYN01777,Junior Associate,Junior,Other,Litigation,,47,74,47,1,48.0,1,0,0
SYN01778,Junior Associate,Junior,Other,Other,46.33,16,81,30,1,34.0,1,1,0
SYN01779,Junior Associate,Junior,London,Other,35.78,0,81,30,1,44.0,1,0,0
SYN01780,Other,Junior,Other,Corporate Group,38.45,0,81,16,1,18.0,1,0,0
SYN01781,Junior Associate,Junior,Other,Corporate Group,,0,81,68,1,14.0,1,1,0
SYN01782,Junior Associate,Junior,Amsterdam,Corporate Transactions & Advisory,26.57,0,81,74,1,74.0,1,1,0
SYN01783,Junior Associate,Junior,New York,Antitrust,49.86,0,81,23,1,7.0,1,1,0
SYN01784,Partner,Senior,Amsterdam,Corporate Transactions & Advisory,40.16,3,81,11,1,7.0,1,1,0
SYN01785,Partner,Senior,Other,Other,48.8,0,81,34,1,12.0,1,1,0
SYN01786,Mid-Level Associate,Senior,Other,Arbitration,42.13,0,81,35,1,35.0,1,0,0
SYN01787,Partner,Senior,Paris,Capital Markets,47.48,0,81,31,1,12.0,1,1,0
SYN01788,Mid-Level Associate,Senior,Amsterdam,Other,36.06,0,76,12,1,12.0,1,0,0
SYN01789,Junior Associate,Junior,New York,Other,,0,81,41,1,35.0,1,0,0
SYN01790,Counsel,Senior,New York,Arbitration,44.87,0,81,42,1,1.0,1,1,0
SYN01791,Junior Associate,Junior,Other,Other,27.86,0,61,7,1,19.0,1,1,0
SYN01792,Senior Associate,Senior,New York,Other,,0,81,30,1,2.0,1,1,0
SYN01793,Mid-Level Associate,Senior,Paris,Other,65.35,0,81,8,1,32.0,1,0,0
SYN01794,Senior Associate,Senior,Other,Corporate Group,31.49,24,81,24,1,6.0,1,1,0
SYN01795,Mid-Level Associate,Senior,New York,Corporate Transactions & Advisory,22.05,0,81,33,1,9.0,1,1,0
SYN01796,Mid-Level Associate,Senior,Other,Corporate Transactions & Advisory,28.44,22,81,30,1,42.0,1,0,0
SYN01797,Trainees,Junior,Amsterdam,Other,46.68,0,81,14,1,7.0,1,1,0
SYN01798,Partner,Senior,London,Other,38.33,1,47,38,1,,0,0,0
SYN01799,Partner,Senior,New York,B&F Group,,0,81,1,1,69.0,1,0,0
SYN01800,Senior Associate,Senior,Other,Corporate Group,,0,81,41,1,16.0,1,1,0
SYN01801,Mid-Level Associate,Senior,New York,B&F Group,,0,81,5,1,55.0,1,0,0
SYN01802,Junior Associate,Junior,London,Other,42.2,44,81,44,1,44.0,1,1,0
SYN01803,Partner,Senior,London,Other,46.83,0,81,14,1,35.0,1,0,0
SYN01804,Mid-Level Associate,Senior,Frankfurt,Other,,0,81,23,1,9.0,1,1,0
SYN01805,Junior Associate,Junior,Frankfurt,Funds & Asset Management,,0,81,81,0,14.0,1,0,0
SYN01806,Junior Associate,Junior,London,Antitrust,14.44,0,81,5,1,12.0,1,0,0
SYN01807,Partner,Senior,Hong Kong,B&F Group,58.0,0,81,5,1,37.0,1,0,0
SYN01808,Mid-Level Associate,Senior,London,Antitrust,37.75,0,81,15,1,,0,0,0
SYN01809,Senior Associate,Senior,New York,Other,30.76,0,81,48,1,13.0,1,0,0
SYN01810,Junior Associate,Junior,Frankfurt,Other,,0,81,43,1,27.0,1,0,0
SYN01811,Partner,Senior,Frankfurt,Corporate Transactions & Advisory,53.61,1,81,19,1,11.0,1,1,0
SYN01812,Junior Associate,Junior,Other,Other,39.3,0,81,13,1,3.0,1,1,0
SYN01813,Partner,Senior,Amsterdam,Antitrust,38.99,3,81,4,1,16.0,1,1,0
SYN01814,Mid-Level Associate,Senior,London,B&F Group,,0,81,3,1,3.0,1,1,0
SYN01815,Partner,Senior,London,Other,28.6,0,81,8,1,8.0,1,0,0
SYN01816,Mid-Level Associate,Senior,Other,Funds & Asset Management,16.81,0,81,3,1,2.0,1,0,0
SYN01817,Trainees,Junior,Frankfurt,Funds & Asset Management,50.1,1,64,40,1,3.0,1,1,0
SYN01818,Partner,Senior,London,Corporate Transactions & Advisory,,0,81,34,1,8.0,1,0,0
SYN01819,Junior Associate,Junior,Paris,Other,,0,81,22,1,7.0,1,1,0
SYN01820,Trainees,Junior,New York,Other,47.39,1,81,35,1,1.0,1,0,0
SYN01821,Mid-Level Associate,Senior,New York,Corporate Transactions & Advisory,29.76,0,68,14,1,14.0,1,0,0
SYN01822,Trainees,Junior,London,Corporate Transactions & Advisory,24.15,47,81,47,1,5.0,1,1,0
SYN01823,Junior Associate,Junior,New York,Other,47.28,7,81,7,1,5.0,1,1,0
SYN01824,Junior Associate,Junior,London,Corporate Group,,28,81,28,1,6.0,1,1,0
SYN01825,Mid-Level Associate,Senior,Amsterdam,Other,32.19,55,81,55,1,8.0,1,0,0
SYN01826,Partner,Senior,Amsterdam,Corporate Group,32.37,0,81,81,0,27.0,1,0,0
SYN01827,Trainees,Junior,Other,Capital Markets,,0,78,78,0,21.0,1,0,0
SYN01828,Trainees,Junior,Frankfurt,Private Equity,,28,81,28,1,5.0,1,1,0
SYN01829,Partner,Senior,London,Funds & Asset Management,,1,81,12,1,44.0,1,0,0
SYN01830,Other,Junior,London,Corporate Group,36.33,0,81,17,1,27.0,1,0,0
SYN01831,Partner,Senior,London,Other,,31,81,31,1,27.0,1,1,0
SYN01832,Mid-Level Associate,Senior,Amsterdam,Litigation,29.95,0,81,36,1,12.0,1,1,0
SYN01833,Junior Associate,Junior,Luxembourg,Arbitration,,0,81,25,1,6.0,1,0,0
SYN01834,Counsel,Senior,Hong Kong,Corporate Transactions & Advisory,,0,59,15,1,7.0,1,1,0
SYN01835,Mid-Level Associate,Senior,Other,Antitrust,35.43,0,81,21,1,19.0,1,0,0
SYN01836,Trainees,Junior,Amsterdam,Corporate Group,42.5,0,81,12,1,39.0,1,0,0
SYN01837,Partner,Senior,Other,Projects,,0,81,2,1,,0,0,0
SYN01838,Partner,Senior,Other,Projects,47.94,0,80,25,1,15.0,1,0,0
SYN01839,Mid-Level Associate,Senior,London,Projects,33.29,0,81,1,1,69.0,1,0,0
SYN01840,Trainees,Junior,London,Corporate Group,34.99,0,81,47,1,40.0,1,0,0
SYN01841,Partner,Senior,Hong Kong,Corporate Group,,2,53,26,1,21.0,1,0,0
SYN01842,Mid-Level Associate,Senior,London,Corporate Transactions & Advisory,60.41,0,81,81,0,1.0,1,1,0
SYN01843,Junior Associate,Junior,London,Other,60.75,0,81,26,1,20.0,1,0,0
SYN01844,Partner,Senior,Other,Corporate Transactions & Advisory,39.12,0,52,7,1,27.0,1,0,0
SYN01845,Partner,Senior,Other,Other,41.54,0,81,81,0,17.0,1,1,0
SYN01846,Junior Associate,Junior,Paris,Corporate Group,30.4,0,81,12,1,10.0,1,1,0
SYN01847,Junior Associate,Junior,Other,Other,36.27,1,81,54,1,14.0,1,1,0
SYN01848,Other,Junior,London,Projects,46.84,0,81,2,1,7.0,1,1,0
SYN01849,Partner,Senior,Other,Litigation,17.73,0,81,7,1,2.0,1,1,0
SYN01850,Partner,Senior,London,Other,31.01,1,81,73,1,13.0,1,1,0
SYN01851,Junior Associate,Junior,Other,Corporate Group,48.02,0,81,3,1,3.0,1,0,0
SYN01852,Other,Junior,Paris,Other,,0,81,23,1,0.0,1,1,0
SYN01853,Partner,Senior,London,Projects,36.59,0,81,40,1,53.0,1,0,0
SYN01854,Partner,Senior,Other,Other,28.78,0,81,2,1,36.0,1,0,0
SYN01855,Counsel,Senior,Other,Other,12.0,1,81,9,1,14.0,1,1,0
SYN01856,Partner,Senior,Frankfurt,Other,24.05,0,81,81,0,51.0,1,0,0
SYN01857,Partner,Senior,London,Other,,0,81,35,1,5.0,1,0,0
SYN01858,Junior Associate,Junior,Other,Corporate Transactions & Advisory,38.53,0,81,3,1,13.0,1,1,0
SYN01859,Junior Associate,Junior,London,Arbitration,41.65,0,50,8,1,5.0,1,1,0
SYN01860,Counsel,Senior,Luxembourg,Other,46.48,49,81,49,1,9.0,1,0,0
SYN01861,Mid-Level Associate,Senior,Frankfurt,Other,44.25,0,81,7,1,8.0,1,1,0
SYN01862,Counsel,Senior,Frankfurt,Corporate Transactions & Advisory,31.91,0,81,26,1,4.0,1,1,0
SYN01863,Counsel,Senior,Other,Litigation,55.12,2,81,73,1,18.0,1,0,0
SYN01864,Junior Associate,Junior,Amsterdam,Other,,0,81,43,1,2.0,1,1,0
SYN01865,Partner,Senior,Other,Other,38.54,3,81,24,1,,0,0,0
SYN01866,Partner,Senior,New York,Corporate Group,46.49,0,81,29,1,14.0,1,1,0
SYN01867,Partner,Senior,Hong Kong,Other,30.79,0,81,26,1,11.0,1,0,0
SYN01868,Senior Associate,Senior,Madrid,Other,32.55,0,76,38,1,4.0,1,1,0
SYN01869,Senior Associate,Senior,New York,Corporate Transactions & Advisory,45.18,0,81,16,1,,0,0,0
SYN01870,Partner,Senior,Paris,Other,,0,81,9,1,67.0,1,0,0
SYN01871,Mid-Level Associate,Senior,New York,Other,43.35,0,81,11,1,13.0,1,1,0
SYN01872,Senior Associate,Senior,Other,Other,,0,81,55,1,25.0,1,0,0
SYN01873,Partner,Senior,Luxembourg,Other,32.04,0,81,50,1,,0,0,0
SYN01874,Junior Associate,Junior,London,Corporate Group,44.76,0,81,17,1,,0,0,0
SYN01875,Counsel,Senior,Paris,Arbitration,29.19,0,81,8,1,,0,0,0
SYN01876,Junior Associate,Junior,Paris,Other,61.08,0,81,7,1,12.0,1,1,0
SYN01877,Trainees,Junior,Hong Kong,Projects,,0,81,27,1,,0,0,0
SYN01878,Junior Associate,Junior,London,Other,37.68,34,81,34,1,28.0,1,0,0
SYN01879,Trainees,Junior,London,Other,,0,81,32,1,1.0,1,1,0
SYN01880,Junior Associate,Junior,Luxembourg,Other,39.01,0,59,8,1,8.0,1,0,0
SYN01881,Junior Associate,Junior,Paris,Corporate Transactions & Advisory,23.26,0,81,11,1,9.0,1,1,0
SYN01882,Partner,Senior,Luxembourg,Other,32.34,0,81,50,1,58.0,1,0,0
SYN01883,Counsel,Senior,London,Corporate Group,50.55,0,81,81,0,3.0,1,0,0
SYN01884,Junior Associate,Junior,London,Corporate Group,,44,81,44,1,1.0,1,0,0
SYN01885,Trainees,Junior,London,Corporate Transactions & Advisory,,0,81,9,1,7.0,1,1,0
SYN01886,Junior Associate,Junior,London,Other,54.02,0,81,60,1,16.0,1,0,0
SYN01887,Mid-Level Associate,Senior,Other,Corporate Group,50.31,8,81,17,1,23.0,1,0,0
SYN01888,Partner,Senior,New York,Other,,55,81,55,1,1.0,1,1,0
SYN01889,Mid-Level Associate,Senior,London,Other,49.46,11,81,21,1,21.0,1,1,0
SYN01890,Mid-Level Associate,Senior,Luxembourg,Arbitration,,0,67,23,1,61.0,1,0,0
SYN01891,Partner,Senior,Other,Corporate Transactions & Advisory,41.87,0,81,14,1,,0,0,0
SYN01892,Mid-Level Associate,Senior,Paris,Other,19.13,0,81,46,1,4.0,1,0,0
SYN01893,Mid-Level Associate,Senior,Amsterdam,Other,,1,81,40,1,5.0,1,1,0
SYN01894,Trainees,Junior,London,Antitrust,50.12,0,81,12,1,15.0,1,0,0
SYN01895,Junior Associate,Junior,Frankfurt,Arbitration,48.44,0,81,81,0,10.0,1,0,0
SYN01896,Mid-Level Associate,Senior,Paris,Corporate Group,24.0,0,81,27,1,,0,0,0
SYN01897,Junior Associate,Junior,Paris,Litigation,30.53,0,81,58,1,10.0,1,1,0
SYN01898,Junior Associate,Junior,Other,Arbitration,36.35,0,81,26,1,26.0,1,0,0
SYN01899,Counsel,Senior,Frankfurt,Arbitration,,0,81,63,1,63.0,1,1,0
SYN01900,Mid-Level Associate,Senior,Madrid,Funds & Asset Management,,0,81,1,1,11.0,1,0,0
SYN01901,Trainees,Junior,London,Funds & Asset Management,35.71,1,81,81,0,20.0,1,0,0
SYN01902,Mid-Level Associate,Senior,London,Other,50.51,0,81,33,1,5.0,1,1,0
SYN01903,Partner,Senior,Other,Capital Markets,,14,81,14,1,9.0,1,1,0
SYN01904,Partner,Senior,Other,Funds & Asset Management,32.8,25,81,25,1,19.0,1,0,0
SYN01905,Mid-Level Associate,Senior,London,Other,32.35,0,81,15,1,2.0,1,1,0
SYN01906,Partner,Senior,London,Other,,1,81,6,1,4.0,1,1,0
SYN01907,Trainees,Junior,Other,Antitrust,39.15,0,63,22,1,2.0,1,1,0
SYN01908,Trainees,Junior,Other,Other,,0,81,4,1,9.0,1,0,0
SYN01909,Junior Associate,Junior,London,Other,,0,81,21,1,6.0,1,1,0
SYN01910,Trainees,Junior,Other,Arbitration,53.82,0,57,7,1,6.0,1,0,0
SYN01911,Mid-Level Associate,Senior,Other,Capital Markets,25.72,0,81,7,1,12.0,1,0,0
SYN01912,Junior Associate,Junior,London,Other,25.3,0,59,30,1,30.0,1,1,0
SYN01913,Partner,Senior,Other,Other,53.81,0,81,13,1,22.0,1,0,0
SYN01914,Senior Associate,Senior,Amsterdam,Other,11.36,0,81,33,1,61.0,1,0,0
SYN01915,Junior Associate,Junior,Other,Corporate Group,47.34,0,81,45,1,6.0,1,1,0
SYN01916,Counsel,Senior,Other,Other,,0,81,66,1,66.0,1,0,0
SYN01917,Partner,Senior,Paris,Antitrust,,0,81,17,1,11.0,1,0,0
SYN01918,Senior Associate,Senior,Other,Other,,0,81,10,1,,0,0,0
SYN01919,Senior Associate,Senior,Other,Corporate Group,42.66,0,81,24,1,62.0,1,0,0
SYN01920,Partner,Senior,Other,Arbitration,17.06,0,81,11,1,,0,0,0
SYN01921,Junior Associate,Junior,London,Corporate Transactions & Advisory,25.15,0,81,61,1,51.0,1,0,0
SYN01922,Junior Associate,Junior,Other,Other,39.79,0,81,12,1,8.0,1,1,0
SYN01923,Trainees,Junior,Other,Capital Markets,29.61,0,81,19,1,,0,0,0
SYN01924,Other,Junior,Paris,Arbitration,58.44,36,81,36,1,1.0,1,0,0
SYN01925,Senior Associate,Senior,Paris,Other,,0,81,32,1,13.0,1,1,0
SYN01926,Partner,Senior,London,Other,,0,81,0,1,7.0,1,0,0
SYN01927,Partner,Senior,New York,Corporate Transactions & Advisory,,0,81,41,1,,0,0,0
SYN01928,Other,Junior,London,Funds & Asset Management,64.18,0,81,81,0,,0,0,0
SYN01929,Partner,Senior,New York,Private Equity,38.17,0,81,9,1,7.0,1,0,0
SYN01930,Senior Associate,Senior,London,Corporate Group,68.58,0,75,44,1,,0,0,0
SYN01931,Mid-Level Associate,Senior,London,Capital Markets,,0,81,20,1,23.0,1,0,0
SYN01932,Junior Associate,Junior,Other,Other,21.78,0,54,7,1,2.0,1,1,0
SYN01933,Mid-Level Associate,Senior,London,Corporate Transactions & Advisory,38.0,6,81,24,1,24.0,1,0,0
SYN01934,Counsel,Senior,Other,Other,39.99,0,81,16,1,1.0,1,0,0
SYN01935,Senior Associate,Senior,London,Other,21.93,0,81,2,1,37.0,1,0,0
SYN01936,Junior Associate,Junior,Luxembourg,Other,48.77,0,81,19,1,10.0,1,0,0
SYN01937,Junior Associate,Junior,Frankfurt,Other,28.54,0,81,43,1,6.0,1,1,0
SYN01938,Trainees,Junior,Hong Kong,Other,19.06,0,81,35,1,5.0,1,1,0
SYN01939,Senior Associate,Senior,London,Other,,0,81,10,1,69.0,1,0,0
SYN01940,Junior Associate,Junior,Other,Other,43.45,0,81,11,1,14.0,1,0,0
SYN01941,Trainees,Junior,London,Other,33.23,0,81,81,0,15.0,1,0,0
SYN01942,Mid-Level Associate,Senior,New York,Other,39.55,0,81,40,1,4.0,1,0,0
SYN01943,Mid-Level Associate,Senior,Madrid,Projects,,0,81,36,1,12.0,1,0,0
SYN01944,Counsel,Senior,Amsterdam,Corporate Group,43.47,19,81,19,1,19.0,1,0,0
SYN01945,Trainees,Junior,Madrid,Arbitration,29.29,0,81,15,1,15.0,1,0,0
SYN01946,Mid-Level Associate,Senior,Hong Kong,Other,,0,81,52,1,52.0,1,1,0
SYN01947,Partner,Senior,London,Corporate Transactions & Advisory,,50,81,50,1,6.0,1,1,0
SYN01948,Partner,Senior,Other,Corporate Transactions & Advisory,44.4,0,81,19,1,,0,0,0
SYN01949,Trainees,Junior,Other,Private Equity,45.97,3,62,19,1,11.0,1,0,0
SYN01950,Partner,Senior,Other,Corporate Transactions & Advisory,55.9,19,81,19,1,29.0,1,1,0
SYN01951,Trainees,Junior,Other,Funds & Asset Management,51.12,0,81,34,1,14.0,1,1,0
SYN01952,Junior Associate,Junior,Other,Capital Markets,25.86,0,81,45,1,6.0,1,0,0
SYN01953,Junior Associate,Junior,Amsterdam,Corporate Group,,0,81,53,1,10.0,1,0,0
SYN01954,Trainees,Junior,Paris,Corporate Group,25.7,47,81,47,1,4.0,1,1,0
SYN01955,Junior Associate,Junior,New York,Other,56.54,0,81,26,1,33.0,1,0,0
SYN01956,Mid-Level Associate,Senior,Hong Kong,Other,43.22,9,81,81,0,35.0,1,1,0
SYN01957,Trainees,Junior,London,Other,57.69,0,81,26,1,3.0,1,1,0
SYN01958,Mid-Level Associate,Senior,London,Corporate Transactions & Advisory,,0,81,81,0,5.0,1,1,0
SYN01959,Junior Associate,Junior,Madrid,Other,31.4,0,58,4,1,,0,0,0
SYN01960,Junior Associate,Junior,London,Capital Markets,15.07,9,81,9,1,10.0,1,1,0
SYN01961,Mid-Level Associate,Senior,Frankfurt,Corporate Transactions & Advisory,,1,81,40,1,18.0,1,0,0
SYN01962,Junior Associate,Junior,Frankfurt,Capital Markets,,1,81,6,1,18.0,1,0,0
SYN01963,Mid-Level Associate,Senior,London,Corporate Transactions & Advisory,,17,81,25,1,,0,0,0
SYN01964,Junior Associate,Junior,New York,Litigation,14.55,0,81,81,0,17.0,1,1,0
SYN01965,Senior Associate,Senior,Other,Corporate Transactions & Advisory,48.14,17,81,17,1,19.0,1,1,0
SYN01966,Trainees,Junior,London,Projects,42.61,0,81,40,1,6.0,1,0,0
SYN01967,Other,Junior,London,Antitrust,,0,81,25,1,,0,0,0
SYN01968,Junior Associate,Junior,London,Private Equity,,13,81,33,1,9.0,1,1,0
SYN01969,Senior Associate,Senior,Other,Corporate Group,,11,81,11,1,69.0,1,0,0
SYN01970,Mid-Level Associate,Senior,London,Funds & Asset Management,24.15,0,81,35,1,59.0,1,0,0
SYN01971,Junior Associate,Junior,Other,Corporate Group,22.45,0,81,8,1,2.0,1,0,0
SYN01972,Junior Associate,Junior,Hong Kong,Arbitration,,0,81,81,0,,0,0,0
SYN01973,Junior Associate,Junior,Other,Other,51.93,0,81,4,1,41.0,1,0,0
SYN01974,Mid-Level Associate,Senior,Other,Other,54.07,0,81,56,1,44.0,1,0,0
SYN01975,Trainees,Junior,London,Corporate Transactions & Advisory,53.64,0,81,11,1,9.0,1,1,0
SYN01976,Junior Associate,Junior,New York,Other,49.85,14,81,35,1,3.0,1,1,0
SYN01977,Junior Associate,Junior,Other,Corporate Transactions & Advisory,40.1,0,81,81,0,,0,0,0
SYN01978,Senior Associate,Senior,London,Other,65.02,0,50,10,1,3.0,1,1,0
SYN01979,Counsel,Senior,Other,Other,21.39,33,46,46,0,15.0,1,0,0
SYN01980,Junior Associate,Junior,London,Other,54.43,0,81,20,1,2.0,1,0,0
SYN01981,Other,Junior,Other,Other,45.4,0,81,7,1,3.0,1,1,0
SYN01982,Counsel,Senior,Frankfurt,Arbitration,10.13,0,81,13,1,40.0,1,0,0
SYN01983,Partner,Senior,Madrid,Capital Markets,31.51,0,81,21,1,34.0,1,0,0
SYN01984,Mid-Level Associate,Senior,London,Other,71.41,5,81,41,1,2.0,1,1,0
SYN01985,Mid-Level Associate,Senior,Other,Other,59.79,1,81,15,1,66.0,1,0,0
SYN01986,Mid-Level Associate,Senior,Other,Arbitration,29.53,0,81,14,1,3.0,1,1,0
SYN01987,Partner,Senior,London,Antitrust,53.53,25,81,31,1,7.0,1,0,0
SYN01988,Trainees,Junior,New York,Funds & Asset Management,,0,81,7,1,6.0,1,0,0
SYN01989,Junior Associate,Junior,London,Corporate Transactions & Advisory,42.96,14,81,14,1,36.0,1,0,0
SYN01990,Junior Associate,Junior,Frankfurt,Antitrust,29.3,0,81,7,1,8.0,1,1,0
SYN01991,Counsel,Senior,New York,Private Equity,74.38,33,81,33,1,42.0,1,0,0
SYN01992,Trainees,Junior,Other,Corporate Group,,0,81,81,0,3.0,1,1,0
SYN01993,Junior Associate,Junior,Other,Other,41.23,2,81,7,1,10.0,1,1,0
SYN01994,Junior Associate,Junior,New York,Other,40.32,0,81,2,1,6.0,1,1,0
SYN01995,Mid-Level Associate,Senior,New York,Other,53.68,0,81,2,1,5.0,1,0,0
SYN01996,Junior Associate,Junior,Other,Corporate Transactions & Advisory,45.94,0,81,38,1,21.0,1,0,0
SYN01997,Partner,Senior,London,Corporate Transactions & Advisory,44.83,0,81,12,1,33.0,1,0,0
SYN01998,Junior Associate,Junior,Other,B&F Group,30.54,0,81,16,1,20.0,1,1,0
SYN01999,Junior Associate,Junior,Other,Other,41.96,0,81,81,0,,0,0,0
SYN02000,Partner,Senior,London,Other,23.69,14,81,37,1,77.0,1,0,0
SYN02001,Partner,Senior,London,Other,41.29,0,81,81,0,3.0,1,1,0
SYN02002,Trainees,Junior,Other,Corporate Group,58.15,0,47,1,1,5.0,1,0,0
SYN02003,Partner,Senior,London,Capital Markets,41.37,0,81,8,1,4.0,1,0,0
SYN02004,Mid-Level Associate,Senior,London,Private Equity,13.72,0,54,54,0,2.0,1,1,0
SYN02005,Trainees,Junior,New York,Other,44.92,0,81,7,1,7.0,1,0,0
SYN02006,Senior Associate,Senior,London,Antitrust,,0,81,13,1,22.0,1,0,0
SYN02007,Junior Associate,Junior,Other,Corporate Transactions & Advisory,51.01,0,81,15,1,3.0,1,1,0
SYN02008,Junior Associate,Junior,Amsterdam,Other,42.48,0,81,52,1,5.0,1,0,0
SYN02009,Partner,Senior,Hong Kong,Corporate Group,47.76,50,81,81,0,,0,0,0
SYN02010,Partner,Senior,New York,Other,33.37,0,81,6,1,,0,0,0
SYN02011,Senior Associate,Senior,London,Other,27.49,0,81,14,1,4.0,1,0,0
SYN02012,Trainees,Junior,London,Funds & Asset Management,35.14,1,81,21,1,11.0,1,1,0
SYN02013,Trainees,Junior,New York,Private Equity,28.73,0,81,40,1,4.0,1,1,0
SYN02014,Junior Associate,Junior,New York,Antitrust,18.96,34,81,34,1,5.0,1,0,0
SYN02015,Junior Associate,Junior,London,Antitrust,32.7,0,81,46,1,46.0,1,0,0
SYN02016,Counsel,Senior,Other,Capital Markets,18.15,0,81,8,1,6.0,1,1,0
SYN02017,Junior Associate,Junior,Paris,B&F Group,44.42,0,72,72,0,,0,0,0
SYN02018,Junior Associate,Junior,London,Corporate Transactions & Advisory,39.35,0,81,81,0,19.0,1,0,0
SYN02019,Junior Associate,Junior,Hong Kong,Corporate Transactions & Advisory,,0,81,11,1,52.0,1,0,0
SYN02020,Trainees,Junior,London,Other,67.12,0,81,3,1,14.0,1,1,0
SYN02021,Counsel,Senior,London,Corporate Transactions & Advisory,36.16,0,81,17,1,15.0,1,1,0
SYN02022,Mid-Level Associate,Senior,New York,Other,30.3,0,81,8,1,10.0,1,1,0
SYN02023,Mid-Level Associate,Senior,London,Antitrust,43.02,55,81,55,1,1.0,1,0,0
SYN02024,Counsel,Senior,London,Antitrust,30.08,0,81,47,1,1.0,1,1,0
SYN02025,Partner,Senior,London,Other,59.63,17,81,27,1,2.0,1,1,0
SYN02026,Partner,Senior,Other,Capital Markets,35.58,0,81,4,1,,0,0,0
SYN02027,Junior Associate,Junior,Amsterdam,Other,,0,81,40,1,16.0,1,0,0
SYN02028,Mid-Level Associate,Senior,New York,B&F Group,,0,46,9,1,7.0,1,1,0
SYN02029,Junior Associate,Junior,Other,Capital Markets,16.8,33,81,33,1,4.0,1,1,0
SYN02030,Mid-Level Associate,Senior,Other,Corporate Transactions & Advisory,47.0,0,81,11,1,11.0,1,1,0
SYN02031,Junior Associate,Junior,Other,Funds & Asset Management,17.58,0,81,8,1,4.0,1,0,0
SYN02032,Trainees,Junior,London,Private Equity,56.77,0,81,4,1,8.0,1,1,0
SYN02033,Partner,Senior,Frankfurt,Other,54.4,0,81,9,1,22.0,1,0,0
SYN02034,Mid-Level Associate,Senior,London,Other,19.7,0,74,74,0,,0,0,0
SYN02035,Senior Associate,Senior,Other,Other,25.91,0,81,2,1,26.0,1,0,0
SYN02036,Senior Associate,Senior,Frankfurt,B&F Group,23.35,0,81,26,1,4.0,1,1,0
SYN02037,Senior Associate,Senior,London,Funds & Asset Management,,0,81,25,1,17.0,1,0,0
SYN02038,Counsel,Senior,Other,Other,51.11,0,52,13,1,12.0,1,0,0
SYN02039,Trainees,Junior,London,Other,67.08,0,81,42,1,11.0,1,1,0
SYN02040,Counsel,Senior,London,Capital Markets,43.95,9,81,9,1,1.0,1,1,0
SYN02041,Trainees,Junior,Paris,Litigation,50.82,0,69,4,1,5.0,1,1,0
SYN02042,Counsel,Senior,London,Projects,24.51,0,81,2,1,17.0,1,1,0
SYN02043,Junior Associate,Junior,New York,Other,,13,81,27,1,22.0,1,0,0
SYN02044,Junior Associate,Junior,Amsterdam,Other,29.19,0,81,17,1,6.0,1,1,0
SYN02045,Junior Associate,Junior,Other,Other,67.44,0,81,4,1,6.0,1,0,0
SYN02046,Mid-Level Associate,Senior,Other,Other,55.35,0,50,50,1,3.0,1,0,0
SYN02047,Junior Associate,Junior,Other,Other,49.57,0,81,21,1,45.0,1,0,0
SYN02048,Trainees,Junior,London,Other,40.6,0,81,24,1,12.0,1,0,0
SYN02049,Senior Associate,Senior,London,Other,53.21,0,69,60,1,30.0,1,0,0
SYN02050,Junior Associate,Junior,Other,Corporate Transactions & Advisory,14.35,1,47,12,1,,0,0,0
SYN02051,Counsel,Senior,Other,Corporate Group,,55,72,55,1,11.0,1,1,0
SYN02052,Other,Junior,London,Other,51.66,0,81,81,0,22.0,1,0,0
SYN02053,Trainees,Junior,Other,Other,,0,81,22,1,6.0,1,1,0
SYN02054,Mid-Level Associate,Senior,Other,Funds & Asset Management,29.66,0,81,66,1,33.0,1,0,0
SYN02055,Junior Associate,Junior,London,Funds & Asset Management,39.79,0,81,10,1,,0,0,0
SYN02056,Mid-Level Associate,Senior,Luxembourg,Litigation,55.44,15,81,16,1,16.0,1,0,0
SYN02057,Mid-Level Associate,Senior,London,Other,,32,50,32,1,32.0,1,0,0
SYN02058,Mid-Level Associate,Senior,New York,Corporate Transactions & Advisory,49.53,0,76,16,1,16.0,1,0,0
SYN02059,Mid-Level Associate,Senior,London,Corporate Transactions & Advisory,35.95,0,81,12,1,6.0,1,1,0
SYN02060,Junior Associate,Junior,Paris,Corporate Transactions & Advisory,28.25,0,81,16,1,30.0,1,0,0
SYN02061,Mid-Level Associate,Senior,London,Corporate Transactions & Advisory,30.26,0,57,52,1,5.0,1,1,0
SYN02062,Mid-Level Associate,Senior,London,Other,49.28,0,81,5,1,25.0,1,0,0
SYN02063,Mid-Level Associate,Senior,London,Funds & Asset Management,53.71,0,81,30,1,,0,0,0
SYN02064,Junior Associate,Junior,Paris,Corporate Transactions & Advisory,31.4,0,81,23,1,5.0,1,0,0
SYN02065,Partner,Senior,Other,Arbitration,42.44,0,81,43,1,54.0,1,0,0
SYN02066,Junior Associate,Junior,New York,Other,44.69,0,81,36,1,5.0,1,1,0
SYN02067,Partner,Senior,New York,B&F Group,,0,81,8,1,20.0,1,1,0
SYN02068,Junior Associate,Junior,New York,Other,47.87,0,81,19,1,19.0,1,1,0
SYN02069,Junior Associate,Junior,Amsterdam,Other,44.54,0,64,8,1,10.0,1,1,0
SYN02070,Partner,Senior,Madrid,Other,51.79,0,81,20,1,1.0,1,1,0
SYN02071,Senior Associate,Senior,Madrid,Other,34.96,0,81,9,1,2.0,1,0,0
SYN02072,Junior Associate,Junior,Amsterdam,Corporate Transactions & Advisory,28.45,0,64,23,1,20.0,1,0,0
SYN02073,Partner,Senior,London,Other,25.1,0,81,81,0,40.0,1,0,0
SYN02074,Other,Junior,Other,Arbitration,51.84,1,81,10,1,8.0,1,1,0
SYN02075,Senior Associate,Senior,Madrid,Other,,0,81,12,1,20.0,1,0,0
SYN02076,Counsel,Senior,London,Other,31.67,0,74,30,1,,0,0,0
SYN02077,Mid-Level Associate,Senior,Frankfurt,Other,18.28,55,81,55,1,41.0,1,0,0
SYN02078,Counsel,Senior,New York,Litigation,39.76,0,81,26,1,15.0,1,1,0
SYN02079,Mid-Level Associate,Senior,London,Antitrust,39.31,0,81,49,1,,0,0,0
SYN02080,Counsel,Senior,London,Other,41.73,1,81,22,1,50.0,1,0,0
SYN02081,Senior Associate,Senior,Other,Other,36.83,0,81,32,1,10.0,1,1,0
SYN02082,Senior Associate,Senior,London,Other,,0,81,3,1,12.0,1,0,0
SYN02083,Junior Associate,Junior,London,Other,,0,81,4,1,9.0,1,1,0
SYN02084,Partner,Senior,London,Funds & Asset Management,,0,81,38,1,,0,0,0
SYN02085,Partner,Senior,New York,Other,,28,81,76,1,23.0,1,0,0
SYN02086,Trainees,Junior,Luxembourg,Capital Markets,,33,81,33,1,17.0,1,1,0
SYN02087,Trainees,Junior,Paris,Other,25.69,0,81,81,0,35.0,1,0,0
SYN02088,Partner,Senior,London,Corporate Transactions & Advisory,29.16,0,81,41,1,17.0,1,0,0
SYN02089,Other,Junior,Paris,Funds & Asset Management,,0,81,79,1,79.0,1,1,0
SYN02090,Senior Associate,Senior,Other,Corporate Group,55.75,6,48,37,1,16.0,1,0,0
SYN02091,Counsel,Senior,Paris,Other,33.0,0,81,11,1,29.0,1,1,0
SYN02092,Junior Associate,Junior,New York,Arbitration,51.47,0,81,28,1,27.0,1,0,0
SYN02093,Senior Associate,Senior,Hong Kong,Other,66.67,0,81,8,1,69.0,1,0,0
SYN02094,Mid-Level Associate,Senior,New York,Other,,0,81,47,1,47.0,1,1,0
SYN02095,Partner,Senior,Other,Arbitration,25.36,0,81,19,1,,0,0,0
SYN02096,Partner,Senior,London,Corporate Transactions & Advisory,,0,81,64,1,64.0,1,0,0
SYN02097,Junior Associate,Junior,Other,Other,38.82,1,81,14,1,14.0,1,1,0
SYN02098,Trainees,Junior,London,Other,23.53,0,81,48,1,39.0,1,0,0
SYN02099,Partner,Senior,Other,Corporate Transactions & Advisory,46.21,0,81,33,1,8.0,1,0,0
SYN02100,Junior Associate,Junior,Other,Other,23.66,0,81,2,1,23.0,1,0,0
SYN02101,Trainees,Junior,Paris,Corporate Transactions & Advisory,32.44,1,81,9,1,3.0,1,0,0
SYN02102,Partner,Senior,Other,Other,35.81,0,81,39,1,,0,0,0
SYN02103,Trainees,Junior,Frankfurt,Private Equity,37.74,0,81,20,1,6.0,1,1,0
SYN02104,Mid-Level Associate,Senior,London,Other,43.53,0,81,14,1,7.0,1,1,0
SYN02105,Mid-Level Associate,Senior,London,Other,,0,49,24,1,29.0,1,0,0
SYN02106,Junior Associate,Junior,Other,Capital Markets,48.48,0,81,37,1,37.0,1,1,0
SYN02107,Trainees,Junior,Other,Other,,22,81,22,1,1.0,1,0,0
SYN02108,Partner,Senior,London,Private Equity,20.33,7,55,39,1,40.0,1,0,0
SYN02109,Junior Associate,Junior,Hong Kong,Private Equity,48.47,0,81,26,1,38.0,1,0,0
SYN02110,Trainees,Junior,London,Projects,71.38,0,81,70,1,16.0,1,0,0
SYN02111,Mid-Level Associate,Senior,Other,Other,42.16,55,81,55,1,79.0,1,0,0
SYN02112,Trainees,Junior,Madrid,Corporate Transactions & Advisory,52.82,0,81,47,1,9.0,1,0,0
SYN02113,Trainees,Junior,Luxembourg,Other,42.58,0,81,3,1,2.0,1,1,0
SYN02114,Junior Associate,Junior,Luxembourg,Other,34.44,1,81,10,1,10.0,1,1,0
SYN02115,Mid-Level Associate,Senior,Other,Corporate Transactions & Advisory,37.91,1,54,54,0,14.0,1,1,0
SYN02116,Partner,Senior,London,Other,37.26,0,81,32,1,,0,0,0
SYN02117,Junior Associate,Junior,Other,Other,,1,81,16,1,14.0,1,0,0
SYN02118,Partner,Senior,Other,Corporate Transactions & Advisory,44.52,43,81,81,0,,0,0,0
SYN02119,Trainees,Junior,London,Other,35.88,55,81,55,1,5.0,1,1,0
SYN02120,Mid-Level Associate,Senior,Madrid,Other,49.51,4,64,23,1,23.0,1,1,0
SYN02121,Partner,Senior,London,Projects,,0,71,35,1,,0,0,0
SYN02122,Counsel,Senior,Other,Corporate Group,45.48,0,81,51,1,,0,0,0
SYN02123,Junior Associate,Junior,Frankfurt,Antitrust,,0,79,79,0,25.0,1,0,0
SYN02124,Partner,Senior,Madrid,Other,42.4,8,81,23,1,23.0,1,1,0
SYN02125,Trainees,Junior,Luxembourg,Other,44.46,0,81,7,1,15.0,1,0,0
SYN02126,Mid-Level Associate,Senior,Hong Kong,Other,31.21,0,81,5,1,5.0,1,1,0
SYN02127,Partner,Senior,Luxembourg,Funds & Asset Management,,0,81,11,1,32.0,1,0,0
SYN02128,Junior Associate,Junior,Other,Other,49.1,0,81,4,1,22.0,1,1,0
SYN02129,Junior Associate,Junior,London,Other,39.09,23,81,23,1,2.0,1,1,0
SYN02130,Trainees,Junior,Other,Other,46.15,0,81,22,1,78.0,1,0,0
SYN02131,Mid-Level Associate,Senior,Other,Corporate Group,57.34,36,81,81,0,18.0,1,0,0
SYN02132,Junior Associate,Junior,London,Corporate Transactions & Advisory,,0,81,20,1,22.0,1,0,0
SYN02133,Partner,Senior,Other,Antitrust,53.94,0,75,13,1,5.0,1,1,0
SYN02134,Mid-Level Associate,Senior,London,Litigation,47.26,0,45,21,1,,0,0,0
SYN02135,Trainees,Junior,Other,Other,81.37,0,81,60,1,9.0,1,1,0
SYN02136,Trainees,Junior,Other,Other,38.43,0,81,3,1,12.0,1,0,0
SYN02137,Other,Junior,Other,Antitrust,,0,81,28,1,37.0,1,0,0
SYN02138,Trainees,Junior,London,Other,,0,77,10,1,8.0,1,1,0
SYN02139,Junior Associate,Junior,London,Projects,71.44,0,81,81,0,6.0,1,1,0
SYN02140,Junior Associate,Junior,London,Corporate Group,48.32,2,81,27,1,,0,0,0
SYN02141,Senior Associate,Senior,Other,Corporate Transactions & Advisory,,0,78,51,1,,0,0,0
SYN02142,Senior Associate,Senior,Other,Arbitration,53.1,0,81,81,0,29.0,1,0,0
SYN02143,Counsel,Senior,New York,Arbitration,,0,62,11,1,10.0,1,1,0
SYN02144,Counsel,Senior,Luxembourg,Projects,30.46,0,81,31,1,3.0,1,0,0
SYN02145,Trainees,Junior,New York,Corporate Transactions & Advisory,28.0,16,81,16,1,17.0,1,0,0
SYN02146,Mid-Level Associate,Senior,Amsterdam,Other,,0,81,30,1,30.0,1,0,0
SYN02147,Junior Associate,Junior,Frankfurt,Other,43.34,0,81,32,1,2.0,1,1,0
SYN02148,Trainees,Junior,Luxembourg,Other,,0,81,27,1,3.0,1,1,0
SYN02149,Partner,Senior,Other,Corporate Transactions & Advisory,,17,81,21,1,6.0,1,1,0
SYN02150,Junior Associate,Junior,Other,Antitrust,,0,81,30,1,30.0,1,0,0
SYN02151,Trainees,Junior,Frankfurt,Other,,54,81,54,1,14.0,1,0,0
SYN02152,Junior Associate,Junior,Other,Corporate Transactions & Advisory,43.02,0,81,26,1,,0,0,0
SYN02153,Junior Associate,Junior,Other,Other,37.26,1,81,18,1,10.0,1,0,0
SYN02154,Counsel,Senior,Amsterdam,Other,35.59,0,81,5,1,,0,0,0
SYN02155,Partner,Senior,Other,Litigation,,0,81,23,1,19.0,1,0,0
SYN02156,Mid-Level Associate,Senior,London,Funds & Asset Management,41.25,5,81,22,1,19.0,1,0,0
SYN02157,Junior Associate,Junior,New York,Corporate Transactions & Advisory,,1,81,62,1,1.0,1,1,0
SYN02158,Partner,Senior,Frankfurt,Other,,0,81,30,1,22.0,1,0,0
SYN02159,Junior Associate,Junior,Frankfurt,Corporate Group,10.35,0,81,7,1,4.0,1,1,0
SYN02160,Junior Associate,Junior,London,Corporate Transactions & Advisory,22.43,0,81,6,1,1.0,1,0,0
SYN02161,Counsel,Senior,Madrid,Funds & Asset Management,49.27,0,81,4,1,40.0,1,0,0
SYN02162,Partner,Senior,Other,Corporate Group,46.63,0,81,1,1,29.0,1,0,0
SYN02163,Counsel,Senior,Other,Other,22.71,46,81,81,0,29.0,1,0,0
SYN02164,Partner,Senior,Paris,Capital Markets,,0,81,30,1,81.0,1,0,0
SYN02165,Mid-Level Associate,Senior,Frankfurt,Other,25.38,0,81,26,1,,0,0,0
SYN02166,Partner,Senior,London,Litigation,31.91,0,81,30,1,7.0,1,1,0
SYN02167,Mid-Level Associate,Senior,London,Antitrust,35.86,0,81,15,1,15.0,1,0,0
SYN02168,Junior Associate,Junior,London,Other,,43,81,43,1,21.0,1,0,0
SYN02169,Partner,Senior,Paris,B&F Group,12.67,0,81,49,1,17.0,1,0,0
SYN02170,Junior Associate,Junior,Other,Other,,1,81,18,1,36.0,1,0,0
SYN02171,Senior Associate,Senior,London,Litigation,,0,81,21,1,12.0,1,1,0
SYN02172,Junior Associate,Junior,Other,Corporate Transactions & Advisory,,0,81,63,1,2.0,1,1,0
SYN02173,Trainees,Junior,London,Other,54.72,0,81,23,1,19.0,1,1,0
SYN02174,Trainees,Junior,Other,Corporate Group,32.95,0,81,5,1,11.0,1,0,0
SYN02175,Trainees,Junior,London,B&F Group,60.88,0,81,36,1,6.0,1,1,0
SYN02176,Senior Associate,Senior,Other,Other,20.44,0,50,25,1,24.0,1,1,0
SYN02177,Trainees,Junior,Amsterdam,Litigation,19.84,0,77,22,1,8.0,1,0,0
SYN02178,Trainees,Junior,Other,Corporate Transactions & Advisory,,0,81,34,1,6.0,1,0,0
SYN02179,Trainees,Junior,New York,Corporate Transactions & Advisory,41.86,0,81,28,1,28.0,1,1,0
SYN02180,Junior Associate,Junior,London,Other,37.93,25,45,25,1,1.0,1,0,0
SYN02181,Trainees,Junior,Other,Other,39.58,0,81,6,1,9.0,1,1,0
SYN02182,Mid-Level Associate,Senior,Frankfurt,Other,27.44,3,81,5,1,3.0,1,1,0
SYN02183,Mid-Level Associate,Senior,Madrid,Other,,26,81,27,1,1.0,1,1,0
SYN02184,Mid-Level Associate,Senior,Amsterdam,Antitrust,20.93,0,81,27,1,11.0,1,0,0
SYN02185,Partner,Senior,London,Funds & Asset Management,25.07,0,81,44,1,9.0,1,0,0
SYN02186,Mid-Level Associate,Senior,Hong Kong,Other,32.76,0,81,81,0,,0,0,0
SYN02187,Mid-Level Associate,Senior,Madrid,Other,43.43,0,81,81,0,10.0,1,1,0
SYN02188,Senior Associate,Senior,Other,Antitrust,40.16,0,81,63,1,22.0,1,0,0
SYN02189,Junior Associate,Junior,Other,Antitrust,46.39,0,81,17,1,19.0,1,1,0
SYN02190,Junior Associate,Junior,New York,Other,,0,81,2,1,4.0,1,0,0
SYN02191,Trainees,Junior,Other,Corporate Group,43.1,0,81,17,1,6.0,1,1,0
SYN02192,Partner,Senior,Other,Litigation,37.36,0,81,16,1,,0,0,0
SYN02193,Junior Associate,Junior,Paris,Antitrust,39.38,34,81,34,1,,0,0,0
SYN02194,Mid-Level Associate,Senior,Other,Corporate Group,,0,81,8,1,53.0,1,0,0
SYN02195,Mid-Level Associate,Senior,Other,Corporate Group,42.13,0,81,12,1,2.0,1,0,0
SYN02196,Mid-Level Associate,Senior,London,Other,26.52,0,81,35,1,16.0,1,1,0
SYN02197,Senior Associate,Senior,Other,Antitrust,35.13,0,81,37,1,,0,0,0
SYN02198,Senior Associate,Senior,Luxembourg,Other,29.55,0,81,44,1,3.0,1,1,0
SYN02199,Senior Associate,Senior,New York,Arbitration,41.46,0,81,2,1,25.0,1,0,0
SYN02200,Senior Associate,Senior,London,Other,,0,81,81,0,10.0,1,0,0
SYN02201,Senior Associate,Senior,Amsterdam,Other,12.78,1,46,13,1,15.0,1,0,0
SYN02202,Partner,Senior,Amsterdam,Other,23.15,47,81,47,1,24.0,1,0,0
SYN02203,Senior Associate,Senior,Other,Other,,0,52,33,1,33.0,1,0,0
SYN02204,Trainees,Junior,Other,Corporate Group,52.03,0,81,24,1,13.0,1,0,0
SYN02205,Counsel,Senior,Hong Kong,Corporate Transactions & Advisory,,0,81,61,1,16.0,1,0,0
SYN02206,Counsel,Senior,New York,Other,,1,81,3,1,14.0,1,0,0
SYN02207,Junior Associate,Junior,Other,Other,,0,81,52,1,52.0,1,0,0
SYN02208,Junior Associate,Junior,Paris,Other,51.22,0,81,6,1,2.0,1,1,0
SYN02209,Junior Associate,Junior,London,Other,,0,81,30,1,32.0,1,1,0
SYN02210,Junior Associate,Junior,Other,Funds & Asset Management,31.47,0,81,42,1,23.0,1,0,0
SYN02211,Mid-Level Associate,Senior,Other,Corporate Group,,0,81,5,1,13.0,1,1,0
SYN02212,Partner,Senior,London,Corporate Group,41.26,0,81,27,1,13.0,1,0,0
SYN02213,Mid-Level Associate,Senior,London,Projects,18.85,1,81,45,1,70.0,1,0,0
SYN02214,Mid-Level Associate,Senior,London,Antitrust,,0,81,11,1,73.0,1,0,0
SYN02215,Mid-Level Associate,Senior,London,Corporate Transactions & Advisory,,0,81,64,1,8.0,1,0,0
SYN02216,Partner,Senior,Paris,Antitrust,48.21,0,48,30,1,,0,0,0
SYN02217,Partner,Senior,Hong Kong,Other,34.27,0,81,12,1,2.0,1,0,0
SYN02218,Mid-Level Associate,Senior,Madrid,Other,42.13,0,81,4,1,11.0,1,0,0
SYN02219,Mid-Level Associate,Senior,London,Other,34.33,7,81,7,1,8.0,1,1,0
SYN02220,Partner,Senior,Other,Antitrust,15.81,0,81,25,1,13.0,1,0,0
SYN02221,Mid-Level Associate,Senior,London,Other,33.78,0,46,8,1,4.0,1,1,0
SYN02222,Counsel,Senior,Paris,Other,50.96,0,81,70,1,14.0,1,0,0
SYN02223,Mid-Level Associate,Senior,London,Other,60.38,0,81,6,1,30.0,1,0,0
SYN02224,Partner,Senior,Other,Corporate Transactions & Advisory,36.72,0,81,7,1,14.0,1,1,0
SYN02225,Trainees,Junior,New York,Corporate Transactions & Advisory,48.21,0,81,73,1,,0,0,0
SYN02226,Trainees,Junior,Other,Other,43.59,1,81,16,1,6.0,1,1,0
SYN02227,Mid-Level Associate,Senior,London,Arbitration,,1,81,81,0,4.0,1,1,0
SYN02228,Trainees,Junior,Paris,Other,32.01,0,81,9,1,8.0,1,0,0
SYN02229,Partner,Senior,Other,Other,47.22,0,81,3,1,8.0,1,0,0
SYN02230,Partner,Senior,Other,Projects,50.03,8,81,28,1,14.0,1,1,0
SYN02231,Trainees,Junior,Other,Other,24.55,55,81,55,1,13.0,1,1,0
SYN02232,Partner,Senior,Amsterdam,Other,39.81,0,81,45,1,19.0,1,0,0
SYN02233,Mid-Level Associate,Senior,Madrid,Other,,0,81,18,1,2.0,1,1,0
SYN02234,Mid-Level Associate,Senior,Paris,Antitrust,47.88,0,61,61,0,7.0,1,1,0
SYN02235,Trainees,Junior,Luxembourg,B&F Group,42.73,9,81,13,1,5.0,1,1,0
SYN02236,Trainees,Junior,New York,Projects,,0,55,9,1,14.0,1,1,0
SYN02237,Counsel,Senior,Luxembourg,Antitrust,37.76,0,64,52,1,22.0,1,1,0
SYN02238,Partner,Senior,Other,Other,46.65,41,69,41,1,2.0,1,1,0
SYN02239,Trainees,Junior,London,Corporate Group,,2,81,7,1,11.0,1,1,0
SYN02240,Mid-Level Associate,Senior,Other,Arbitration,38.68,40,48,40,1,,0,0,0
SYN02241,Junior Associate,Junior,London,Arbitration,,0,81,2,1,11.0,1,0,0
SYN02242,Junior Associate,Junior,London,Corporate Group,,0,81,2,1,3.0,1,1,0
SYN02243,Mid-Level Associate,Senior,Other,Other,20.33,0,81,28,1,28.0,1,0,0
SYN02244,Junior Associate,Junior,Luxembourg,Other,48.38,1,81,11,1,25.0,1,1,0
SYN02245,Junior Associate,Junior,Paris,Corporate Transactions & Advisory,42.31,0,81,15,1,36.0,1,0,0
SYN02246,Junior Associate,Junior,New York,Other,28.86,52,76,52,1,12.0,1,1,0
SYN02247,Junior Associate,Junior,Other,Antitrust,,0,81,18,1,9.0,1,0,0
SYN02248,Trainees,Junior,Other,Other,,0,81,31,1,8.0,1,0,0
SYN02249,Junior Associate,Junior,London,Projects,,0,81,1,1,,0,0,0
SYN02250,Partner,Senior,London,B&F Group,44.5,0,81,35,1,14.0,1,1,0
SYN02251,Partner,Senior,Madrid,Corporate Group,28.81,0,81,19,1,5.0,1,1,0
SYN02252,Trainees,Junior,Amsterdam,Corporate Group,,24,81,60,1,10.0,1,0,0
SYN02253,Partner,Senior,London,Capital Markets,47.38,0,81,32,1,42.0,1,0,0
SYN02254,Partner,Senior,Other,Other,43.07,0,81,0,1,21.0,1,0,0
SYN02255,Partner,Senior,Hong Kong,Projects,32.9,0,81,43,1,18.0,1,1,0
SYN02256,Partner,Senior,Madrid,Antitrust,40.47,0,81,28,1,,0,0,0
SYN02257,Trainees,Junior,Other,Corporate Transactions & Advisory,,0,81,81,0,9.0,1,1,0
SYN02258,Partner,Senior,Madrid,Other,,1,81,12,1,22.0,1,0,0
SYN02259,Mid-Level Associate,Senior,Other,Other,34.05,0,81,36,1,5.0,1,0,0
SYN02260,Other,Junior,Madrid,Antitrust,,0,81,19,1,28.0,1,0,0
SYN02261,Senior Associate,Senior,London,Other,45.22,0,81,56,1,20.0,1,0,0
SYN02262,Trainees,Junior,Other,Other,43.13,0,81,12,1,13.0,1,0,0
SYN02263,Junior Associate,Junior,London,Arbitration,,0,77,15,1,15.0,1,0,0
SYN02264,Mid-Level Associate,Senior,London,Other,19.09,0,81,7,1,7.0,1,1,0
SYN02265,Mid-Level Associate,Senior,London,Corporate Group,42.91,55,81,55,1,9.0,1,0,0
SYN02266,Trainees,Junior,London,Corporate Group,38.34,0,81,34,1,3.0,1,1,0
SYN02267,Partner,Senior,Luxembourg,Arbitration,83.36,0,81,52,1,62.0,1,0,0
SYN02268,Mid-Level Associate,Senior,London,Other,,0,81,28,1,53.0,1,0,0
SYN02269,Counsel,Senior,London,Corporate Transactions & Advisory,60.62,0,55,25,1,3.0,1,1,0
SYN02270,Mid-Level Associate,Senior,London,Other,51.94,0,81,30,1,56.0,1,0,0
SYN02271,Partner,Senior,Amsterdam,Corporate Group,,0,81,34,1,34.0,1,0,0
SYN02272,Junior Associate,Junior,London,Projects,19.53,31,81,31,1,21.0,1,0,0
SYN02273,Partner,Senior,London,Litigation,,30,67,30,1,4.0,1,1,0
SYN02274,Partner,Senior,Other,Arbitration,30.33,10,81,10,1,15.0,1,0,0
SYN02275,Senior Associate,Senior,Madrid,Corporate Transactions & Advisory,,0,81,9,1,6.0,1,1,0
SYN02276,Mid-Level Associate,Senior,Luxembourg,Corporate Transactions & Advisory,,0,81,40,1,38.0,1,0,0
SYN02277,Trainees,Junior,Other,Other,31.35,27,56,27,1,6.0,1,0,0
SYN02278,Junior Associate,Junior,Madrid,Arbitration,42.23,0,81,46,1,5.0,1,1,0
SYN02279,Junior Associate,Junior,Paris,Antitrust,51.89,0,81,21,1,4.0,1,0,0
SYN02280,Mid-Level Associate,Senior,London,Other,35.54,0,81,12,1,4.0,1,1,0
SYN02281,Partner,Senior,Other,Other,57.9,0,81,23,1,4.0,1,1,0
SYN02282,Trainees,Junior,Other,Corporate Group,,0,81,11,1,6.0,1,1,0
SYN02283,Trainees,Junior,Paris,Capital Markets,51.44,19,81,19,1,22.0,1,0,0
SYN02284,Mid-Level Associate,Senior,London,Other,29.9,0,81,18,1,17.0,1,1,0
SYN02285,Trainees,Junior,Frankfurt,Other,32.42,0,56,34,1,49.0,1,0,0
SYN02286,Partner,Senior,London,Litigation,40.77,0,81,7,1,37.0,1,0,0
SYN02287,Senior Associate,Senior,London,Other,40.0,0,81,12,1,13.0,1,0,0
SYN02288,Mid-Level Associate,Senior,Amsterdam,Corporate Transactions & Advisory,27.16,0,81,11,1,26.0,1,0,0
SYN02289,Trainees,Junior,Other,Other,33.72,0,49,49,0,44.0,1,0,0
SYN02290,Mid-Level Associate,Senior,Frankfurt,Corporate Transactions & Advisory,62.11,0,81,65,1,69.0,1,0,0
SYN02291,Mid-Level Associate,Senior,London,Other,33.21,39,81,39,1,37.0,1,0,0
SYN02292,Partner,Senior,New York,B&F Group,47.16,45,81,45,1,30.0,1,0,0
SYN02293,Trainees,Junior,Other,Corporate Transactions & Advisory,34.89,0,81,12,1,9.0,1,1,0
SYN02294,Junior Associate,Junior,London,Corporate Transactions & Advisory,,0,78,4,1,4.0,1,0,0
SYN02295,Partner,Senior,New York,Litigation,39.19,0,81,28,1,,0,0,0
SYN02296,Junior Associate,Junior,Other,Arbitration,36.67,14,81,79,1,45.0,1,0,0
SYN02297,Partner,Senior,London,Corporate Transactions & Advisory,29.28,0,81,63,1,35.0,1,0,0
SYN02298,Trainees,Junior,Madrid,Arbitration,51.08,44,81,44,1,,0,0,0
SYN02299,Counsel,Senior,Other,Other,42.94,0,81,17,1,17.0,1,0,0
SYN02300,Trainees,Junior,Other,Litigation,30.99,0,81,71,1,,0,0,0
SYN02301,Mid-Level Associate,Senior,Amsterdam,Corporate Group,33.29,0,72,14,1,27.0,1,0,0
SYN02302,Mid-Level Associate,Senior,London,Other,35.49,1,81,32,1,2.0,1,1,0
SYN02303,Junior Associate,Junior,Other,Other,,0,81,37,1,25.0,1,0,0
SYN02304,Junior Associate,Junior,London,Other,47.46,0,81,38,1,4.0,1,0,0
SYN02305,Junior Associate,Junior,London,Projects,35.56,0,81,81,0,14.0,1,1,0
SYN02306,Mid-Level Associate,Senior,Luxembourg,Other,47.02,43,81,43,1,10.0,1,1,0
SYN02307,Counsel,Senior,London,B&F Group,45.87,0,81,18,1,52.0,1,0,0
SYN02308,Partner,Senior,Other,Funds & Asset Management,51.46,0,81,15,1,,0,0,0
SYN02309,Junior Associate,Junior,London,Other,35.17,0,81,10,1,3.0,1,1,0
SYN02310,Partner,Senior,Other,Antitrust,53.72,0,57,47,1,,0,0,0
SYN02311,Junior Associate,Junior,London,Arbitration,,0,81,47,1,,0,0,0
SYN02312,Partner,Senior,Other,Other,55.81,0,81,28,1,,0,0,0
SYN02313,Mid-Level Associate,Senior,Amsterdam,B&F Group,43.13,12,81,56,1,38.0,1,0,0
SYN02314,Other,Junior,Hong Kong,Other,45.21,0,72,12,1,26.0,1,1,0
SYN02315,Junior Associate,Junior,Other,Funds & Asset Management,,0,61,5,1,,0,0,0
SYN02316,Junior Associate,Junior,Paris,Other,30.19,0,81,3,1,3.0,1,1,0
SYN02317,Junior Associate,Junior,Other,Other,56.14,0,81,81,0,11.0,1,0,0
SYN02318,Junior Associate,Junior,London,Other,45.1,23,54,23,1,13.0,1,0,0
SYN02319,Mid-Level Associate,Senior,Paris,Other,69.02,0,81,5,1,15.0,1,1,0
SYN02320,Mid-Level Associate,Senior,Frankfurt,Projects,28.49,0,76,23,1,,0,0,0
SYN02321,Mid-Level Associate,Senior,London,Corporate Transactions & Advisory,34.73,0,81,35,1,31.0,1,0,0
SYN02322,Junior Associate,Junior,London,Corporate Transactions & Advisory,12.16,2,81,16,1,24.0,1,0,0
SYN02323,Partner,Senior,London,Other,43.9,0,81,57,1,1.0,1,0,0
SYN02324,Mid-Level Associate,Senior,Other,Corporate Transactions & Advisory,63.74,0,81,41,1,54.0,1,0,0
SYN02325,Mid-Level Associate,Senior,London,Corporate Transactions & Advisory,,1,72,8,1,6.0,1,1,0
SYN02326,Junior Associate,Junior,New York,Other,42.29,0,71,39,1,4.0,1,1,0
SYN02327,Partner,Senior,London,Litigation,36.98,4,81,5,1,8.0,1,0,0
SYN02328,Trainees,Junior,Other,Other,39.08,0,81,5,1,4.0,1,0,0
SYN02329,Trainees,Junior,Paris,Other,,0,81,16,1,8.0,1,1,0
SYN02330,Counsel,Senior,New York,Arbitration,16.1,1,81,34,1,10.0,1,0,0
SYN02331,Partner,Senior,Madrid,Corporate Group,56.74,0,51,12,1,12.0,1,0,0
SYN02332,Junior Associate,Junior,Madrid,Corporate Transactions & Advisory,43.1,20,81,21,1,22.0,1,1,0
SYN02333,Counsel,Senior,London,Private Equity,35.49,0,81,2,1,11.0,1,1,0
SYN02334,Mid-Level Associate,Senior,Other,Funds & Asset Management,39.43,0,81,19,1,16.0,1,0,0
SYN02335,Junior Associate,Junior,London,Other,22.03,26,81,55,1,,0,0,0
SYN02336,Senior Associate,Senior,Other,Corporate Transactions & Advisory,26.63,55,81,81,0,10.0,1,1,0
SYN02337,Junior Associate,Junior,Amsterdam,Corporate Transactions & Advisory,54.13,0,81,24,1,8.0,1,0,0
SYN02338,Junior Associate,Junior,London,Other,30.82,0,81,81,0,5.0,1,1,0
SYN02339,Mid-Level Associate,Senior,London,Other,39.67,0,81,17,1,10.0,1,1,0
SYN02340,Trainees,Junior,London,Corporate Transactions & Advisory,47.99,0,76,55,1,3.0,1,1,0
SYN02341,Mid-Level Associate,Senior,London,Antitrust,45.48,49,81,49,1,3.0,1,1,0
SYN02342,Senior Associate,Senior,Other,Corporate Transactions & Advisory,40.46,0,81,2,1,6.0,1,1,0
SYN02343,Junior Associate,Junior,London,Other,59.5,0,81,22,1,7.0,1,1,0
SYN02344,Junior Associate,Junior,London,Antitrust,48.01,0,81,23,1,11.0,1,0,0
SYN02345,Mid-Level Associate,Senior,Frankfurt,Capital Markets,31.25,0,81,18,1,23.0,1,0,0
SYN02346,Counsel,Senior,Other,Litigation,,0,81,17,1,4.0,1,0,0
SYN02347,Junior Associate,Junior,Other,Private Equity,,28,81,52,1,19.0,1,1,0
SYN02348,Counsel,Senior,Other,Litigation,,34,52,34,1,34.0,1,0,0
SYN02349,Mid-Level Associate,Senior,London,Corporate Transactions & Advisory,36.27,0,81,12,1,14.0,1,0,0
SYN02350,Junior Associate,Junior,Amsterdam,Antitrust,,0,81,5,1,11.0,1,1,0
SYN02351,Trainees,Junior,Paris,Other,44.05,0,81,63,1,18.0,1,0,0
SYN02352,Junior Associate,Junior,Other,Other,11.48,0,81,16,1,14.0,1,0,0
SYN02353,Partner,Senior,Other,Funds & Asset Management,68.99,42,81,42,1,8.0,1,0,0
SYN02354,Junior Associate,Junior,Other,Corporate Group,27.43,1,81,81,0,10.0,1,1,0
SYN02355,Junior Associate,Junior,London,Other,,0,81,2,1,2.0,1,1,0
SYN02356,Junior Associate,Junior,Other,Other,,0,81,6,1,14.0,1,1,0
SYN02357,Junior Associate,Junior,Paris,Litigation,,17,72,72,0,18.0,1,0,0
SYN02358,Junior Associate,Junior,Other,Other,18.42,9,81,9,1,17.0,1,1,0
SYN02359,Junior Associate,Junior,Frankfurt,Projects,27.05,0,81,59,1,2.0,1,1,0
SYN02360,Junior Associate,Junior,London,Capital Markets,22.7,0,72,1,1,9.0,1,1,0
SYN02361,Counsel,Senior,Madrid,Capital Markets,,0,81,16,1,1.0,1,0,0
SYN02362,Mid-Level Associate,Senior,Other,Corporate Group,23.49,0,81,15,1,18.0,1,1,0
SYN02363,Junior Associate,Junior,Madrid,Corporate Group,29.38,0,81,11,1,11.0,1,0,0
SYN02364,Junior Associate,Junior,Luxembourg,Other,35.61,0,45,18,1,,0,0,0
SYN02365,Counsel,Senior,London,Other,21.05,1,81,47,1,21.0,1,1,0
SYN02366,Trainees,Junior,Other,Antitrust,,3,55,55,0,9.0,1,1,0
SYN02367,Mid-Level Associate,Senior,Hong Kong,Other,26.52,14,81,14,1,42.0,1,0,0
SYN02368,Mid-Level Associate,Senior,London,Other,22.69,0,81,15,1,15.0,1,0,0
SYN02369,Junior Associate,Junior,London,Antitrust,,0,81,50,1,12.0,1,0,0
SYN02370,Trainees,Junior,London,Corporate Group,33.68,21,81,76,1,,0,0,0
SYN02371,Partner,Senior,Other,Corporate Transactions & Advisory,35.62,16,81,16,1,2.0,1,1,0
SYN02372,Senior Associate,Senior,New York,Corporate Group,51.7,0,81,23,1,0.0,1,1,0
SYN02373,Counsel,Senior,Other,Corporate Group,31.57,0,81,52,1,,0,0,0
SYN02374,Senior Associate,Senior,London,Funds & Asset Management,50.69,0,46,16,1,16.0,1,0,0
SYN02375,Trainees,Junior,New York,Other,,55,81,55,1,22.0,1,0,0
SYN02376,Trainees,Junior,Hong Kong,Other,42.42,0,81,28,1,5.0,1,0,0
SYN02377,Counsel,Senior,London,Other,,0,81,3,1,13.0,1,0,0
SYN02378,Mid-Level Associate,Senior,Frankfurt,Private Equity,,9,81,81,0,,0,0,0
SYN02379,Trainees,Junior,London,Projects,45.71,0,81,12,1,10.0,1,0,0
SYN02380,Partner,Senior,Frankfurt,Other,,0,81,37,1,4.0,1,0,0
SYN02381,Mid-Level Associate,Senior,Other,Arbitration,28.69,0,81,60,1,17.0,1,0,0
SYN02382,Partner,Senior,London,Litigation,32.8,0,78,10,1,24.0,1,0,0
SYN02383,Partner,Senior,Other,Antitrust,38.22,0,81,15,1,8.0,1,1,0
SYN02384,Senior Associate,Senior,Frankfurt,Other,,0,81,24,1,20.0,1,0,0
SYN02385,Senior Associate,Senior,London,Other,,0,81,6,1,,0,0,0
SYN02386,Junior Associate,Junior,Other,Capital Markets,17.16,5,81,81,0,9.0,1,1,0
SYN02387,Mid-Level Associate,Senior,London,Antitrust,39.5,0,81,30,1,,0,0,0
SYN02388,Junior Associate,Junior,Paris,Other,21.0,13,81,25,1,3.0,1,1,0
SYN02389,Partner,Senior,Other,Arbitration,17.9,0,68,13,1,10.0,1,1,0
SYN02390,Other,Junior,New York,Capital Markets,,1,81,25,1,2.0,1,0,0
SYN02391,Mid-Level Associate,Senior,Frankfurt,Corporate Transactions & Advisory,46.02,0,81,46,1,63.0,1,0,0
SYN02392,Junior Associate,Junior,London,Other,44.1,0,81,2,1,6.0,1,0,0
SYN02393,Junior Associate,Junior,London,B&F Group,54.12,33,81,37,1,37.0,1,1,0
SYN02394,Trainees,Junior,London,Other,,0,81,8,1,51.0,1,0,0
SYN02395,Junior Associate,Junior,Other,Other,,0,81,22,1,39.0,1,0,0
SYN02396,Mid-Level Associate,Senior,London,Corporate Transactions & Advisory,,1,81,15,1,10.0,1,1,0
SYN02397,Mid-Level Associate,Senior,London,Other,34.43,0,81,31,1,44.0,1,0,0
SYN02398,Junior Associate,Junior,London,Other,,0,45,9,1,5.0,1,0,0
SYN02399,Counsel,Senior,Luxembourg,Antitrust,29.43,0,81,37,1,2.0,1,0,0
SYN02400,Partner,Senior,London,Arbitration,,20,81,48,1,17.0,1,1,0
SYN02401,Partner,Senior,New York,Projects,47.14,0,81,81,0,32.0,1,0,0
SYN02402,Partner,Senior,London,Corporate Transactions & Advisory,38.28,0,81,12,1,12.0,1,0,0
SYN02403,Counsel,Senior,London,Other,24.8,0,54,19,1,,0,0,0
SYN02404,Mid-Level Associate,Senior,Madrid,Litigation,,1,81,11,1,9.0,1,1,0
SYN02405,Partner,Senior,Other,Other,38.6,0,81,4,1,15.0,1,0,0
SYN02406,Senior Associate,Senior,London,Capital Markets,,0,57,22,1,3.0,1,1,0
SYN02407,Partner,Senior,Other,Other,26.16,0,81,36,1,33.0,1,0,0
SYN02408,Junior Associate,Junior,New York,Corporate Group,55.64,0,81,17,1,16.0,1,0,0
SYN02409,Junior Associate,Junior,Other,Other,,0,81,39,1,15.0,1,1,0
SYN02410,Trainees,Junior,Amsterdam,Antitrust,29.27,27,81,27,1,11.0,1,1,0
SYN02411,Mid-Level Associate,Senior,Frankfurt,Corporate Transactions & Advisory,25.66,0,81,28,1,9.0,1,0,0
SYN02412,Mid-Level Associate,Senior,Hong Kong,Corporate Transactions & Advisory,,44,81,44,1,15.0,1,0,0
SYN02413,Trainees,Junior,Other,Other,36.38,0,76,35,1,0.0,1,1,0
SYN02414,Trainees,Junior,London,Other,,0,65,34,1,7.0,1,1,0
SYN02415,Junior Associate,Junior,Other,Other,38.56,0,81,15,1,3.0,1,1,0
SYN02416,Junior Associate,Junior,Other,Other,47.0,0,58,6,1,,0,0,0
SYN02417,Mid-Level Associate,Senior,Frankfurt,Corporate Group,,0,81,1,1,65.0,1,0,0
SYN02418,Trainees,Junior,Other,Corporate Group,44.51,0,81,6,1,2.0,1,0,0
SYN02419,Mid-Level Associate,Senior,Hong Kong,Litigation,22.86,8,81,8,1,8.0,1,1,0
SYN02420,Mid-Level Associate,Senior,London,Litigation,63.14,0,81,6,1,8.0,1,1,0
SYN02421,Junior Associate,Junior,Other,Funds & Asset Management,,0,48,6,1,1.0,1,1,0
SYN02422,Trainees,Junior,London,Other,36.18,0,81,38,1,,0,0,0
SYN02423,Senior Associate,Senior,London,Corporate Transactions & Advisory,45.65,0,81,44,1,9.0,1,1,0
SYN02424,Other,Junior,London,B&F Group,,0,81,6,1,8.0,1,1,0
SYN02425,Senior Associate,Senior,Amsterdam,Corporate Transactions & Advisory,51.71,0,81,4,1,11.0,1,0,0
SYN02426,Counsel,Senior,Other,Arbitration,,0,81,40,1,69.0,1,0,0
SYN02427,Other,Junior,London,Corporate Group,52.74,0,81,81,0,3.0,1,1,0
SYN02428,Junior Associate,Junior,Hong Kong,Other,,55,72,55,1,9.0,1,1,0
SYN02429,Mid-Level Associate,Senior,Other,Funds & Asset Management,31.68,0,51,45,1,30.0,1,0,0
SYN02430,Junior Associate,Junior,Other,Other,15.02,19,81,25,1,3.0,1,1,0
SYN02431,Junior Associate,Junior,Other,Antitrust,60.93,47,81,47,1,47.0,1,0,0
SYN02432,Partner,Senior,Other,Capital Markets,60.7,0,81,6,1,0.0,1,1,0
SYN02433,Trainees,Junior,London,Corporate Transactions & Advisory,30.1,0,81,27,1,27.0,1,0,0
SYN02434,Partner,Senior,Other,Other,43.16,0,81,75,1,1.0,1,1,0
SYN02435,Trainees,Junior,Other,Litigation,,55,81,55,1,9.0,1,1,0
SYN02436,Mid-Level Associate,Senior,Other,Corporate Transactions & Advisory,40.76,1,81,43,1,,0,0,0
SYN02437,Mid-Level Associate,Senior,Other,Other,54.79,0,81,81,0,21.0,1,0,0
SYN02438,Counsel,Senior,Other,Corporate Transactions & Advisory,23.04,0,81,16,1,10.0,1,1,0
SYN02439,Trainees,Junior,New York,Other,37.55,0,81,28,1,28.0,1,0,0
SYN02440,Senior Associate,Senior,Other,Corporate Transactions & Advisory,34.57,1,81,48,1,,0,0,0
SYN02441,Senior Associate,Senior,London,Antitrust,44.95,0,81,37,1,9.0,1,1,0
SYN02442,Junior Associate,Junior,New York,Other,50.83,5,81,62,1,11.0,1,1,0
SYN02443,Partner,Senior,Other,Other,43.6,0,81,50,1,54.0,1,0,0
SYN02444,Trainees,Junior,Frankfurt,Capital Markets,20.97,0,81,77,1,,0,0,0
SYN02445,Counsel,Senior,London,Corporate Group,63.91,0,81,27,1,10.0,1,1,0
SYN02446,Counsel,Senior,Paris,Other,,0,71,10,1,10.0,1,1,0
SYN02447,Senior Associate,Senior,Other,Funds & Asset Management,,0,81,17,1,1.0,1,1,0
SYN02448,Counsel,Senior,Other,Litigation,34.87,0,81,21,1,,0,0,0
SYN02449,Partner,Senior,London,Antitrust,2.39,11,81,65,1,8.0,1,1,0
SYN02450,Junior Associate,Junior,London,Private Equity,26.83,0,81,5,1,31.0,1,0,0
SYN02451,Senior Associate,Senior,London,Other,26.74,1,81,13,1,3.0,1,1,0
SYN02452,Trainees,Junior,London,Private Equity,38.11,0,81,64,1,,0,0,0
SYN02453,Junior Associate,Junior,New York,Other,20.33,0,60,28,1,4.0,1,0,0
SYN02454,Mid-Level Associate,Senior,Other,Corporate Group,27.38,12,81,12,1,16.0,1,1,0
SYN02455,Junior Associate,Junior,Other,Other,45.69,0,81,80,1,9.0,1,1,0
SYN02456,Junior Associate,Junior,London,Private Equity,40.8,15,81,15,1,7.0,1,0,0
SYN02457,Partner,Senior,London,B&F Group,25.66,1,81,55,1,,0,0,0
SYN02458,Trainees,Junior,New York,Other,50.14,0,81,81,0,61.0,1,0,0
SYN02459,Trainees,Junior,Luxembourg,Other,,0,81,5,1,2.0,1,1,0
SYN02460,Junior Associate,Junior,London,Arbitration,28.5,9,81,9,1,0.0,1,1,0
SYN02461,Counsel,Senior,London,Other,45.97,0,81,19,1,22.0,1,1,0
SYN02462,Partner,Senior,New York,Capital Markets,,0,81,4,1,26.0,1,0,0
SYN02463,Mid-Level Associate,Senior,Luxembourg,Corporate Group,27.2,0,81,51,1,,0,0,0
SYN02464,Trainees,Junior,Amsterdam,Other,,0,81,1,1,,0,0,0
SYN02465,Counsel,Senior,London,Other,21.04,28,81,28,1,74.0,1,0,0
SYN02466,Junior Associate,Junior,Madrid,Other,41.93,9,81,81,0,16.0,1,0,0
SYN02467,Senior Associate,Senior,Paris,Corporate Group,,0,53,12,1,9.0,1,1,0
SYN02468,Mid-Level Associate,Senior,Luxembourg,Other,,0,81,8,1,6.0,1,0,0
SYN02469,Junior Associate,Junior,Other,Corporate Transactions & Advisory,31.12,0,49,49,0,2.0,1,1,0
SYN02470,Partner,Senior,London,Other,,1,81,17,1,,0,0,0
SYN02471,Junior Associate,Junior,Amsterdam,Arbitration,16.91,0,81,23,1,7.0,1,1,0
SYN02472,Junior Associate,Junior,Other,Private Equity,27.98,14,81,14,1,39.0,1,0,0
SYN02473,Partner,Senior,Other,B&F Group,24.81,1,81,45,1,45.0,1,0,0
SYN02474,Partner,Senior,London,Arbitration,37.02,22,81,22,1,17.0,1,1,0
SYN02475,Partner,Senior,London,Other,,0,81,81,0,,0,0,0
SYN02476,Junior Associate,Junior,Paris,Antitrust,31.69,0,52,16,1,19.0,1,0,0
SYN02477,Mid-Level Associate,Senior,London,Other,47.07,0,81,30,1,8.0,1,0,0
SYN02478,Senior Associate,Senior,London,Litigation,,0,81,14,1,,0,0,0
SYN02479,Junior Associate,Junior,Other,Funds & Asset Management,,1,81,16,1,7.0,1,0,0
SYN02480,Junior Associate,Junior,Other,Private Equity,12.29,0,81,17,1,4.0,1,1,0
SYN02481,Junior Associate,Junior,London,Other,,0,81,4,1,5.0,1,1,0
SYN02482,Counsel,Senior,London,Other,39.1,1,81,6,1,6.0,1,0,0
SYN02483,Trainees,Junior,Other,Other,34.28,0,81,7,1,31.0,1,0,0
SYN02484,Junior Associate,Junior,Other,Funds & Asset Management,44.98,33,81,76,1,76.0,1,1,0
SYN02485,Senior Associate,Senior,Amsterdam,Other,20.9,0,81,20,1,6.0,1,1,0
SYN02486,Junior Associate,Junior,Frankfurt,Other,42.57,20,81,20,1,6.0,1,1,0
SYN02487,Mid-Level Associate,Senior,London,Antitrust,27.28,20,81,81,0,66.0,1,0,0
SYN02488,Junior Associate,Junior,London,Corporate Transactions & Advisory,48.76,45,81,45,1,2.0,1,1,0
SYN02489,Junior Associate,Junior,Other,Funds & Asset Management,37.58,0,81,14,1,1.0,1,0,0
SYN02490,Other,Junior,Paris,Other,33.6,0,81,81,0,31.0,1,1,0
SYN02491,Partner,Senior,Hong Kong,Corporate Transactions & Advisory,,0,81,6,1,1.0,1,1,0
SYN02492,Partner,Senior,London,Corporate Transactions & Advisory,69.08,1,81,24,1,24.0,1,0,0
SYN02493,Partner,Senior,London,Other,34.74,1,81,24,1,7.0,1,1,0
SYN02494,Counsel,Senior,Paris,Antitrust,27.73,0,81,26,1,,0,0,0
SYN02495,Junior Associate,Junior,London,Corporate Transactions & Advisory,51.48,0,47,16,1,47.0,1,1,0
SYN02496,Junior Associate,Junior,London,Private Equity,41.13,0,81,2,1,13.0,1,0,0
SYN02497,Partner,Senior,London,Corporate Group,40.19,0,81,17,1,44.0,1,0,0
SYN02498,Trainees,Junior,Other,Funds & Asset Management,40.93,0,59,50,1,18.0,1,0,0
SYN02499,Junior Associate,Junior,London,Funds & Asset Management,51.84,0,81,21,1,5.0,1,1,0
SYN02500,Junior Associate,Junior,Other,Other,32.45,0,81,81,0,16.0,1,0,0
SYN02501,Junior Associate,Junior,London,Litigation,41.16,0,81,41,1,45.0,1,0,0
SYN02502,Partner,Senior,Other,Antitrust,,1,81,62,1,,0,0,0
SYN02503,Counsel,Senior,Other,Antitrust,,0,81,1,1,5.0,1,1,0
SYN02504,Partner,Senior,Other,Funds & Asset Management,10.17,0,81,2,1,37.0,1,0,0
SYN02505,Mid-Level Associate,Senior,London,Antitrust,34.24,0,81,8,1,31.0,1,0,0
SYN02506,Counsel,Senior,London,Antitrust,58.47,0,81,21,1,20.0,1,0,0
SYN02507,Senior Associate,Senior,Paris,Corporate Group,,9,81,17,1,12.0,1,0,0
SYN02508,Counsel,Senior,London,Litigation,66.34,0,81,58,1,2.0,1,1,0
SYN02509,Junior Associate,Junior,Other,Other,57.03,19,80,19,1,4.0,1,0,0
SYN02510,Junior Associate,Junior,Hong Kong,Corporate Transactions & Advisory,30.01,0,81,0,1,12.0,1,1,0
SYN02511,Trainees,Junior,London,Litigation,44.37,0,81,15,1,26.0,1,0,0
SYN02512,Partner,Senior,Other,Other,,0,81,18,1,5.0,1,1,0
SYN02513,Junior Associate,Junior,London,Antitrust,49.19,0,81,12,1,12.0,1,1,0
SYN02514,Trainees,Junior,Madrid,Litigation,22.56,0,47,6,1,5.0,1,0,0
SYN02515,Junior Associate,Junior,Paris,Other,50.14,0,81,27,1,25.0,1,1,0
SYN02516,Junior Associate,Junior,London,Other,21.8,0,81,14,1,5.0,1,0,0
SYN02517,Partner,Senior,Hong Kong,Other,43.3,0,81,37,1,,0,0,0
SYN02518,Junior Associate,Junior,New York,Other,30.94,0,81,31,1,13.0,1,0,0
SYN02519,Partner,Senior,New York,Other,46.16,0,81,9,1,13.0,1,1,0
SYN02520,Trainees,Junior,Other,Arbitration,17.42,0,81,5,1,3.0,1,0,0
SYN02521,Junior Associate,Junior,Luxembourg,Other,53.74,0,81,10,1,6.0,1,0,0
SYN02522,Mid-Level Associate,Senior,London,Corporate Transactions & Advisory,46.71,0,81,40,1,24.0,1,1,0
SYN02523,Junior Associate,Junior,New York,Antitrust,59.67,0,81,22,1,40.0,1,0,0
SYN02524,Trainees,Junior,Amsterdam,Corporate Transactions & Advisory,,0,81,18,1,12.0,1,1,0
SYN02525,Trainees,Junior,Other,Corporate Transactions & Advisory,46.88,0,81,30,1,9.0,1,0,0
SYN02526,Partner,Senior,Other,Antitrust,,0,81,27,1,,0,0,0
SYN02527,Partner,Senior,London,Private Equity,37.5,0,81,16,1,69.0,1,0,0
SYN02528,Mid-Level Associate,Senior,Hong Kong,Other,40.66,0,81,81,0,,0,0,0
SYN02529,Partner,Senior,Other,Corporate Group,42.27,0,81,30,1,2.0,1,1,0
SYN02530,Counsel,Senior,London,Corporate Transactions & Advisory,50.81,0,81,46,1,8.0,1,0,0
SYN02531,Junior Associate,Junior,Paris,Corporate Group,6.9,0,81,11,1,11.0,1,1,0
SYN02532,Mid-Level Associate,Senior,New York,Other,40.99,1,81,7,1,30.0,1,0,0
SYN02533,Partner,Senior,London,Arbitration,42.77,0,81,10,1,,0,0,0
SYN02534,Partner,Senior,Other,Capital Markets,,0,81,71,1,23.0,1,0,0
SYN02535,Counsel,Senior,London,Corporate Group,43.48,2,81,24,1,2.0,1,1,0
SYN02536,Other,Junior,Other,Other,43.41,0,81,10,1,,0,0,0
SYN02537,Partner,Senior,Other,Other,31.26,24,81,24,1,36.0,1,0,0
SYN02538,Junior Associate,Junior,Frankfurt,Funds & Asset Management,44.67,0,81,81,0,21.0,1,0,0
SYN02539,Mid-Level Associate,Senior,Hong Kong,Other,49.86,0,81,12,1,8.0,1,0,0
SYN02540,Trainees,Junior,Paris,Funds & Asset Management,,0,81,81,0,58.0,1,0,0
SYN02541,Partner,Senior,New York,Other,46.08,0,81,40,1,,0,0,0
SYN02542,Junior Associate,Junior,Other,Antitrust,,0,81,36,1,3.0,1,1,0
SYN02543,Partner,Senior,Other,Other,41.6,1,81,26,1,26.0,1,1,0
SYN02544,Counsel,Senior,Other,Capital Markets,41.67,20,81,20,1,,0,0,0
SYN02545,Junior Associate,Junior,London,Other,,0,59,5,1,5.0,1,1,0
SYN02546,Junior Associate,Junior,London,Arbitration,36.77,0,81,19,1,73.0,1,0,0
SYN02547,Senior Associate,Senior,London,Arbitration,35.59,0,81,13,1,6.0,1,1,0
SYN02548,Junior Associate,Junior,New York,Corporate Transactions & Advisory,40.43,0,81,8,1,8.0,1,1,0
SYN02549,Junior Associate,Junior,Other,Corporate Transactions & Advisory,50.47,0,81,31,1,4.0,1,1,0
SYN02550,Partner,Senior,London,Antitrust,34.27,0,81,31,1,31.0,1,1,0
SYN02551,Junior Associate,Junior,Other,Corporate Group,56.87,22,81,79,1,11.0,1,0,0
SYN02552,Partner,Senior,New York,Other,,19,81,42,1,28.0,1,0,0
SYN02553,Partner,Senior,London,Corporate Transactions & Advisory,,23,81,47,1,4.0,1,1,0
SYN02554,Other,Junior,Other,Other,29.7,0,81,4,1,18.0,1,0,0
SYN02555,Partner,Senior,London,Other,,1,71,21,1,21.0,1,1,0
SYN02556,Junior Associate,Junior,London,Projects,21.36,19,81,72,1,11.0,1,0,0
SYN02557,Mid-Level Associate,Senior,Other,Antitrust,40.97,0,81,2,1,17.0,1,0,0
SYN02558,Junior Associate,Junior,Madrid,Funds & Asset Management,41.8,8,81,81,0,8.0,1,0,0
SYN02559,Mid-Level Associate,Senior,Amsterdam,Other,23.58,1,77,18,1,39.0,1,0,0
SYN02560,Trainees,Junior,Madrid,Litigation,45.82,0,81,1,1,41.0,1,0,0
SYN02561,Junior Associate,Junior,Other,Antitrust,24.26,0,81,5,1,23.0,1,0,0
SYN02562,Mid-Level Associate,Senior,Other,Antitrust,39.28,0,52,35,1,7.0,1,1,0
SYN02563,Partner,Senior,Frankfurt,Corporate Group,28.84,0,81,13,1,62.0,1,0,0
SYN02564,Junior Associate,Junior,Luxembourg,Other,46.12,0,81,5,1,3.0,1,0,0
SYN02565,Mid-Level Associate,Senior,London,Other,45.63,0,81,24,1,27.0,1,0,0
SYN02566,Partner,Senior,Other,Other,15.66,0,81,9,1,,0,0,0
SYN02567,Trainees,Junior,Other,Other,54.97,0,81,13,1,11.0,1,1,0
SYN02568,Mid-Level Associate,Senior,London,Projects,47.06,0,81,5,1,17.0,1,1,0
SYN02569,Mid-Level Associate,Senior,Other,Other,52.93,0,81,24,1,8.0,1,1,0
SYN02570,Mid-Level Associate,Senior,London,Funds & Asset Management,33.33,0,81,38,1,33.0,1,0,0
SYN02571,Trainees,Junior,Other,Other,,0,81,9,1,13.0,1,0,0
SYN02572,Trainees,Junior,Other,Antitrust,34.34,0,52,28,1,,0,0,0
SYN02573,Trainees,Junior,Other,Other,36.68,0,57,17,1,25.0,1,0,0
SYN02574,Trainees,Junior,New York,Other,23.69,3,81,57,1,,0,0,0
SYN02575,Trainees,Junior,London,Capital Markets,,0,81,15,1,14.0,1,1,0
SYN02576,Trainees,Junior,Paris,Corporate Group,27.7,0,81,4,1,27.0,1,0,0
SYN02577,Partner,Senior,Luxembourg,Corporate Transactions & Advisory,50.02,0,81,2,1,20.0,1,0,0
SYN02578,Trainees,Junior,London,Other,60.17,18,81,70,1,4.0,1,0,0
SYN02579,Partner,Senior,Madrid,Funds & Asset Management,,0,81,15,1,66.0,1,0,0
SYN02580,Trainees,Junior,Amsterdam,Other,46.35,0,81,8,1,3.0,1,1,0
SYN02581,Senior Associate,Senior,London,B&F Group,,0,77,9,1,3.0,1,1,0
SYN02582,Junior Associate,Junior,London,Other,32.78,0,81,47,1,8.0,1,1,0
SYN02583,Partner,Senior,Other,Antitrust,31.06,0,81,9,1,2.0,1,1,0
SYN02584,Junior Associate,Junior,Frankfurt,Antitrust,18.63,0,81,3,1,8.0,1,0,0
SYN02585,Trainees,Junior,Other,Other,,0,81,4,1,23.0,1,0,0
SYN02586,Partner,Senior,Other,Other,,0,81,69,1,15.0,1,1,0
SYN02587,Mid-Level Associate,Senior,Paris,Corporate Transactions & Advisory,,0,81,34,1,6.0,1,1,0
SYN02588,Mid-Level Associate,Senior,Other,Other,45.1,0,81,48,1,6.0,1,1,0
SYN02589,Junior Associate,Junior,London,Other,35.54,0,81,32,1,12.0,1,0,0
SYN02590,Trainees,Junior,Other,Other,44.35,0,81,13,1,20.0,1,1,0
SYN02591,Partner,Senior,Other,Arbitration,45.3,0,54,41,1,,0,0,0
SYN02592,Junior Associate,Junior,London,Other,54.61,0,81,4,1,,0,0,0
SYN02593,Trainees,Junior,Frankfurt,Corporate Transactions & Advisory,29.53,0,81,10,1,,0,0,0
SYN02594,Trainees,Junior,Luxembourg,Other,61.45,0,81,36,1,5.0,1,1,0
SYN02595,Junior Associate,Junior,Frankfurt,Corporate Transactions & Advisory,46.18,0,81,14,1,39.0,1,0,0
SYN02596,Senior Associate,Senior,Other,Other,32.31,7,81,7,1,10.0,1,1,0
SYN02597,Mid-Level Associate,Senior,Other,Funds & Asset Management,49.65,0,81,31,1,6.0,1,1,0
SYN02598,Trainees,Junior,Other,Corporate Transactions & Advisory,,0,81,4,1,37.0,1,0,0
SYN02599,Trainees,Junior,Paris,Other,29.71,0,81,49,1,6.0,1,1,0
SYN02600,Other,Junior,Other,Other,34.14,0,49,10,1,6.0,1,1,0
SYN02601,Other,Junior,Frankfurt,Corporate Transactions & Advisory,,0,81,81,0,7.0,1,1,0
SYN02602,Junior Associate,Junior,Paris,Arbitration,53.51,0,49,37,1,5.0,1,0,0
SYN02603,Partner,Senior,Hong Kong,Funds & Asset Management,31.48,0,81,27,1,27.0,1,0,0
SYN02604,Mid-Level Associate,Senior,New York,Corporate Group,51.84,14,81,81,0,73.0,1,0,0
SYN02605,Mid-Level Associate,Senior,London,Capital Markets,39.74,1,81,23,1,6.0,1,0,0
SYN02606,Counsel,Senior,Other,Corporate Transactions & Advisory,25.73,0,81,18,1,,0,0,0
SYN02607,Mid-Level Associate,Senior,Other,Arbitration,27.0,0,81,16,1,10.0,1,1,0
SYN02608,Mid-Level Associate,Senior,Other,Other,45.06,0,61,30,1,28.0,1,0,0
SYN02609,Partner,Senior,New York,Private Equity,45.59,0,81,31,1,2.0,1,1,0
SYN02610,Partner,Senior,Paris,Litigation,57.82,0,59,16,1,50.0,1,0,0
SYN02611,Junior Associate,Junior,Other,Corporate Transactions & Advisory,56.52,0,81,12,1,3.0,1,1,0
SYN02612,Junior Associate,Junior,Other,Projects,22.34,0,81,11,1,14.0,1,1,0
SYN02613,Senior Associate,Senior,Frankfurt,Other,,1,81,41,1,,0,0,0
SYN02614,Senior Associate,Senior,Other,Funds & Asset Management,59.23,0,81,10,1,0.0,1,1,0
SYN02615,Junior Associate,Junior,London,Arbitration,49.83,0,59,59,0,6.0,1,1,0
SYN02616,Partner,Senior,Other,Arbitration,,0,81,35,1,68.0,1,0,0
SYN02617,Trainees,Junior,Madrid,Other,,0,81,25,1,22.0,1,1,0
SYN02618,Partner,Senior,London,Other,34.65,0,81,81,0,9.0,1,1,0
SYN02619,Trainees,Junior,New York,Other,16.8,0,71,39,1,12.0,1,0,0
SYN02620,Junior Associate,Junior,London,Capital Markets,45.17,0,81,21,1,39.0,1,0,0
SYN02621,Mid-Level Associate,Senior,Frankfurt,Other,43.71,0,81,2,1,13.0,1,0,0
SYN02622,Junior Associate,Junior,Luxembourg,Other,35.81,12,81,26,1,10.0,1,0,0
SYN02623,Senior Associate,Senior,Paris,Other,27.56,0,81,16,1,10.0,1,1,0
SYN02624,Junior Associate,Junior,Other,Corporate Group,,0,81,15,1,62.0,1,0,0
SYN02625,Counsel,Senior,Other,Other,26.73,25,81,25,1,24.0,1,0,0
SYN02626,Counsel,Senior,New York,Other,,0,81,28,1,5.0,1,1,0
SYN02627,Senior Associate,Senior,Other,Corporate Transactions & Advisory,,0,52,8,1,4.0,1,1,0
SYN02628,Trainees,Junior,New York,Corporate Transactions & Advisory,45.16,0,81,0,1,4.0,1,0,0
SYN02629,Mid-Level Associate,Senior,London,Antitrust,,0,81,8,1,,0,0,0
SYN02630,Partner,Senior,Other,Corporate Transactions & Advisory,48.75,1,81,5,1,5.0,1,0,0
SYN02631,Junior Associate,Junior,Hong Kong,Antitrust,62.31,47,81,47,1,18.0,1,0,0
SYN02632,Other,Junior,Madrid,Corporate Group,30.3,0,81,7,1,11.0,1,0,0
SYN02633,Junior Associate,Junior,Other,Other,45.48,0,81,16,1,12.0,1,0,0
SYN02634,Mid-Level Associate,Senior,Other,Projects,,0,81,24,1,16.0,1,1,0
SYN02635,Partner,Senior,London,Corporate Transactions & Advisory,44.22,19,81,21,1,5.0,1,1,0
SYN02636,Senior Associate,Senior,Amsterdam,Other,,0,74,11,1,,0,0,0
SYN02637,Partner,Senior,New York,Other,24.14,0,81,26,1,7.0,1,0,0
SYN02638,Counsel,Senior,Hong Kong,Corporate Transactions & Advisory,59.75,39,69,39,1,6.0,1,1,0
SYN02639,Junior Associate,Junior,London,Corporate Transactions & Advisory,,22,81,22,1,4.0,1,0,0
SYN02640,Mid-Level Associate,Senior,London,Other,,0,81,8,1,8.0,1,1,0
SYN02641,Partner,Senior,New York,Other,33.96,0,81,14,1,31.0,1,0,0
SYN02642,Junior Associate,Junior,Frankfurt,Private Equity,32.78,0,81,22,1,17.0,1,0,0
SYN02643,Partner,Senior,Paris,Other,26.81,0,81,27,1,18.0,1,1,0
SYN02644,Junior Associate,Junior,London,Other,35.61,0,81,15,1,15.0,1,0,0
SYN02645,Junior Associate,Junior,London,Other,56.26,0,81,28,1,7.0,1,1,0
SYN02646,Mid-Level Associate,Senior,London,Other,,0,81,26,1,6.0,1,1,0
SYN02647,Counsel,Senior,Paris,Corporate Transactions & Advisory,63.22,22,81,22,1,63.0,1,0,0
SYN02648,Senior Associate,Senior,London,Other,30.55,0,81,20,1,9.0,1,1,0
SYN02649,Trainees,Junior,Hong Kong,Other,,0,81,6,1,9.0,1,0,0
SYN02650,Trainees,Junior,New York,Other,47.41,0,81,5,1,19.0,1,0,0
SYN02651,Senior Associate,Senior,London,Projects,44.14,0,81,81,0,2.0,1,1,0
SYN02652,Junior Associate,Junior,New York,Capital Markets,42.53,1,81,5,1,14.0,1,0,0
SYN02653,Mid-Level Associate,Senior,London,Corporate Group,42.83,1,81,66,1,3.0,1,1,0
SYN02654,Junior Associate,Junior,Other,Other,,0,81,81,0,5.0,1,0,0
SYN02655,Mid-Level Associate,Senior,Other,Antitrust,35.87,0,61,20,1,41.0,1,0,0
SYN02656,Senior Associate,Senior,Other,Arbitration,22.64,50,81,50,1,3.0,1,0,0
SYN02657,Mid-Level Associate,Senior,Madrid,Other,52.95,0,81,2,1,1.0,1,1,0
SYN02658,Junior Associate,Junior,London,Corporate Transactions & Advisory,37.68,0,81,29,1,20.0,1,0,0
SYN02659,Partner,Senior,Paris,Corporate Transactions & Advisory,,0,81,18,1,6.0,1,1,0
SYN02660,Mid-Level Associate,Senior,London,Other,29.51,0,81,4,1,3.0,1,1,0
SYN02661,Trainees,Junior,Madrid,Projects,26.09,1,81,21,1,58.0,1,0,0
SYN02662,Mid-Level Associate,Senior,Other,Other,2.0,0,81,28,1,36.0,1,0,0
SYN02663,Partner,Senior,Paris,Other,,0,81,7,1,27.0,1,0,0
SYN02664,Senior Associate,Senior,London,Corporate Transactions & Advisory,63.47,0,81,64,1,9.0,1,0,0
SYN02665,Senior Associate,Senior,Luxembourg,Funds & Asset Management,64.38,24,81,24,1,24.0,1,1,0
SYN02666,Mid-Level Associate,Senior,Hong Kong,Corporate Transactions & Advisory,29.21,0,51,17,1,3.0,1,0,0
SYN02667,Mid-Level Associate,Senior,London,Corporate Transactions & Advisory,62.38,0,81,18,1,8.0,1,1,0
SYN02668,Trainees,Junior,Madrid,Other,,0,81,29,1,5.0,1,1,0
SYN02669,Counsel,Senior,London,Corporate Group,36.88,0,81,79,1,14.0,1,1,0
SYN02670,Junior Associate,Junior,Other,Arbitration,34.56,3,81,6,1,17.0,1,1,0
SYN02671,Partner,Senior,Amsterdam,Corporate Transactions & Advisory,37.11,35,81,81,0,40.0,1,0,0
SYN02672,Mid-Level Associate,Senior,New York,Corporate Group,41.8,0,81,5,1,15.0,1,0,0
SYN02673,Junior Associate,Junior,London,B&F Group,58.54,0,81,81,0,51.0,1,0,0
SYN02674,Mid-Level Associate,Senior,Other,Other,49.06,0,81,45,1,,0,0,0
SYN02675,Mid-Level Associate,Senior,New York,Litigation,36.86,49,81,81,0,13.0,1,0,0
SYN02676,Partner,Senior,Other,Other,41.93,0,81,69,1,70.0,1,0,0
SYN02677,Senior Associate,Senior,Other,Other,40.61,0,81,12,1,13.0,1,0,0
SYN02678,Senior Associate,Senior,Other,Corporate Group,44.6,0,66,66,0,,0,0,0
SYN02679,Senior Associate,Senior,Paris,Corporate Transactions & Advisory,,0,81,15,1,52.0,1,0,0
SYN02680,Mid-Level Associate,Senior,London,Corporate Group,59.19,23,81,23,1,23.0,1,0,0
SYN02681,Junior Associate,Junior,Hong Kong,Corporate Transactions & Advisory,40.82,0,56,27,1,27.0,1,0,0
SYN02682,Mid-Level Associate,Senior,New York,Projects,27.23,0,81,18,1,7.0,1,1,0
SYN02683,Trainees,Junior,Other,Projects,51.57,0,81,39,1,10.0,1,1,0
SYN02684,Counsel,Senior,Madrid,Corporate Transactions & Advisory,35.21,0,81,54,1,7.0,1,1,0
SYN02685,Partner,Senior,London,Other,19.33,1,81,9,1,3.0,1,0,0
SYN02686,Junior Associate,Junior,Hong Kong,Corporate Group,24.75,0,81,74,1,1.0,1,1,0
SYN02687,Partner,Senior,Hong Kong,Other,34.59,0,81,62,1,3.0,1,1,0
SYN02688,Partner,Senior,New York,Other,45.8,19,81,81,0,27.0,1,0,0
SYN02689,Junior Associate,Junior,New York,Other,28.0,11,81,13,1,,0,0,0
SYN02690,Trainees,Junior,Frankfurt,Other,43.84,0,77,16,1,7.0,1,0,0
SYN02691,Trainees,Junior,Madrid,B&F Group,,0,75,8,1,11.0,1,0,0
SYN02692,Counsel,Senior,Paris,Corporate Transactions & Advisory,,0,81,18,1,,0,0,0
SYN02693,Partner,Senior,Other,Other,,0,81,1,1,8.0,1,1,0
SYN02694,Junior Associate,Junior,London,Projects,44.91,5,57,39,1,13.0,1,0,0
SYN02695,Trainees,Junior,Other,Other,42.88,0,81,20,1,8.0,1,1,0
SYN02696,Counsel,Senior,London,Other,35.25,9,81,20,1,3.0,1,1,0
SYN02697,Trainees,Junior,Other,Antitrust,56.34,0,81,27,1,27.0,1,1,0
SYN02698,Trainees,Junior,Other,B&F Group,17.84,1,81,7,1,2.0,1,1,0
SYN02699,Senior Associate,Senior,London,Corporate Transactions & Advisory,,1,81,16,1,15.0,1,1,0
SYN02700,Junior Associate,Junior,Amsterdam,Private Equity,,41,81,41,1,7.0,1,0,0
SYN02701,Counsel,Senior,Amsterdam,Private Equity,33.69,0,81,2,1,5.0,1,0,0
SYN02702,Trainees,Junior,New York,Other,11.96,21,81,59,1,17.0,1,0,0
SYN02703,Mid-Level Associate,Senior,Other,Other,48.72,0,81,17,1,17.0,1,1,0
SYN02704,Trainees,Junior,Madrid,Arbitration,42.7,0,81,21,1,14.0,1,0,0
SYN02705,Counsel,Senior,Paris,Other,18.09,0,81,19,1,19.0,1,0,0
SYN02706,Mid-Level Associate,Senior,Other,Other,,0,63,23,1,4.0,1,1,0
SYN02707,Partner,Senior,Other,Other,46.07,24,47,24,1,,0,0,0
SYN02708,Junior Associate,Junior,Amsterdam,Other,50.52,4,78,14,1,19.0,1,0,0
SYN02709,Junior Associate,Junior,London,Projects,30.75,0,81,5,1,32.0,1,0,0
SYN02710,Mid-Level Associate,Senior,Paris,Corporate Group,49.45,12,81,24,1,,0,0,0
SYN02711,Senior Associate,Senior,Amsterdam,Other,41.83,0,81,11,1,8.0,1,1,0
SYN02712,Junior Associate,Junior,New York,Antitrust,44.09,0,81,38,1,40.0,1,0,0
SYN02713,Trainees,Junior,Paris,Antitrust,40.28,0,81,15,1,1.0,1,1,0
SYN02714,Junior Associate,Junior,Madrid,Litigation,53.02,0,81,20,1,6.0,1,1,0
SYN02715,Trainees,Junior,Hong Kong,Other,71.65,0,81,15,1,2.0,1,0,0
SYN02716,Junior Associate,Junior,Other,Other,57.09,2,81,68,1,13.0,1,1,0
SYN02717,Mid-Level Associate,Senior,New York,Other,54.97,0,81,81,0,3.0,1,0,0
SYN02718,Counsel,Senior,Other,Private Equity,46.98,0,81,18,1,3.0,1,1,0
SYN02719,Partner,Senior,London,Private Equity,,0,81,64,1,7.0,1,0,0
SYN02720,Junior Associate,Junior,Other,Other,36.7,0,81,4,1,4.0,1,1,0
SYN02721,Partner,Senior,Other,Corporate Group,52.4,0,81,67,1,36.0,1,0,0
SYN02722,Mid-Level Associate,Senior,New York,Other,,25,81,25,1,5.0,1,1,0
SYN02723,Junior Associate,Junior,Amsterdam,Other,,1,81,19,1,77.0,1,0,0
SYN02724,Mid-Level Associate,Senior,Amsterdam,Capital Markets,,1,81,20,1,3.0,1,1,0
SYN02725,Trainees,Junior,London,Antitrust,,0,81,20,1,20.0,1,0,0
SYN02726,Mid-Level Associate,Senior,Other,Projects,38.87,1,81,37,1,,0,0,0
SYN02727,Partner,Senior,London,Corporate Transactions & Advisory,39.22,24,81,24,1,5.0,1,1,0
SYN02728,Mid-Level Associate,Senior,London,Antitrust,33.72,0,81,6,1,7.0,1,1,0
SYN02729,Counsel,Senior,Other,Other,30.99,12,81,35,1,38.0,1,0,0
SYN02730,Junior Associate,Junior,Frankfurt,Other,52.28,0,81,3,1,6.0,1,1,0
SYN02731,Partner,Senior,Amsterdam,Other,53.47,0,68,18,1,13.0,1,1,0
SYN02732,Partner,Senior,Other,Other,43.62,0,81,7,1,31.0,1,0,0
SYN02733,Junior Associate,Junior,London,Antitrust,,3,81,11,1,18.0,1,1,0
SYN02734,Mid-Level Associate,Senior,London,Private Equity,29.12,0,81,27,1,40.0,1,0,0
SYN02735,Trainees,Junior,Hong Kong,Antitrust,19.0,0,81,31,1,30.0,1,0,0
SYN02736,Junior Associate,Junior,Luxembourg,Arbitration,27.26,0,74,53,1,6.0,1,0,0
SYN02737,Junior Associate,Junior,London,Projects,51.67,54,81,54,1,4.0,1,0,0
SYN02738,Trainees,Junior,Hong Kong,Corporate Transactions & Advisory,40.71,0,81,9,1,1.0,1,1,0
SYN02739,Junior Associate,Junior,Other,Antitrust,37.26,0,81,1,1,12.0,1,0,0
SYN02740,Trainees,Junior,Other,Other,57.31,0,81,26,1,26.0,1,1,0
SYN02741,Junior Associate,Junior,Other,Other,48.71,0,81,30,1,10.0,1,1,0
SYN02742,Junior Associate,Junior,Hong Kong,Other,34.52,0,81,16,1,39.0,1,0,0
SYN02743,Junior Associate,Junior,Luxembourg,Antitrust,23.24,0,81,9,1,5.0,1,0,0
SYN02744,Junior Associate,Junior,London,Private Equity,,4,81,8,1,3.0,1,0,0
SYN02745,Junior Associate,Junior,Frankfurt,Other,40.28,0,81,81,0,15.0,1,0,0
SYN02746,Mid-Level Associate,Senior,Other,Litigation,32.15,0,81,12,1,5.0,1,1,0
SYN02747,Trainees,Junior,Frankfurt,Other,33.07,0,81,81,0,17.0,1,0,0
SYN02748,Junior Associate,Junior,Other,Other,37.68,0,81,41,1,26.0,1,0,0
SYN02749,Partner,Senior,Other,Other,,0,81,16,1,16.0,1,1,0
SYN02750,Junior Associate,Junior,London,Other,,3,81,81,0,9.0,1,0,0
SYN02751,Partner,Senior,London,Other,46.39,8,81,81,0,25.0,1,0,0
SYN02752,Counsel,Senior,London,Corporate Group,39.71,0,81,14,1,6.0,1,1,0
SYN02753,Junior Associate,Junior,London,Corporate Group,60.0,0,81,6,1,12.0,1,0,0
SYN02754,Junior Associate,Junior,Amsterdam,Other,56.1,0,81,13,1,6.0,1,1,0
SYN02755,Counsel,Senior,London,Capital Markets,27.15,0,81,26,1,,0,0,0
SYN02756,Junior Associate,Junior,Paris,Antitrust,62.91,0,81,57,1,12.0,1,1,0
SYN02757,Senior Associate,Senior,Amsterdam,Corporate Transactions & Advisory,60.33,0,81,13,1,6.0,1,0,0
SYN02758,Trainees,Junior,Paris,Corporate Transactions & Advisory,54.43,11,81,26,1,1.0,1,1,0
SYN02759,Partner,Senior,Paris,Corporate Transactions & Advisory,,0,81,18,1,9.0,1,1,0
SYN02760,Mid-Level Associate,Senior,Other,Other,,0,81,5,1,12.0,1,1,0
SYN02761,Senior Associate,Senior,New York,Private Equity,25.81,24,81,24,1,41.0,1,0,0
SYN02762,Junior Associate,Junior,Luxembourg,Other,27.85,9,81,13,1,2.0,1,0,0
SYN02763,Mid-Level Associate,Senior,Amsterdam,Other,30.88,0,81,18,1,7.0,1,1,0
SYN02764,Partner,Senior,London,Other,,0,81,25,1,22.0,1,0,0
SYN02765,Mid-Level Associate,Senior,Other,Other,33.14,0,81,18,1,5.0,1,0,0
SYN02766,Junior Associate,Junior,Other,Corporate Group,26.62,0,81,56,1,2.0,1,1,0
SYN02767,Partner,Senior,Other,Corporate Group,19.43,22,81,22,1,28.0,1,0,0
SYN02768,Partner,Senior,London,Private Equity,63.79,0,81,6,1,7.0,1,1,0
SYN02769,Other,Junior,Frankfurt,Arbitration,30.06,0,81,11,1,2.0,1,0,0
SYN02770,Junior Associate,Junior,Other,Arbitration,44.73,0,81,3,1,7.0,1,1,0
SYN02771,Junior Associate,Junior,Other,Antitrust,50.22,0,81,22,1,23.0,1,1,0
SYN02772,Trainees,Junior,New York,Corporate Group,43.55,1,81,8,1,2.0,1,1,0
SYN02773,Mid-Level Associate,Senior,New York,Other,16.07,15,81,53,1,,0,0,0
SYN02774,Junior Associate,Junior,New York,Other,43.5,0,60,25,1,32.0,1,0,0
SYN02775,Partner,Senior,London,Antitrust,,0,81,18,1,6.0,1,1,0
SYN02776,Partner,Senior,Frankfurt,B&F Group,,0,81,23,1,4.0,1,1,0
SYN02777,Junior Associate,Junior,Other,Corporate Group,50.64,0,63,10,1,10.0,1,1,0
SYN02778,Other,Junior,Other,Corporate Transactions & Advisory,,8,81,81,0,5.0,1,0,0
SYN02779,Other,Junior,London,Other,31.38,1,81,5,1,23.0,1,1,0
SYN02780,Mid-Level Associate,Senior,Frankfurt,Other,21.39,1,81,26,1,0.0,1,1,0
SYN02781,Partner,Senior,London,B&F Group,28.51,0,81,38,1,5.0,1,1,0
SYN02782,Counsel,Senior,London,Other,46.05,0,81,27,1,12.0,1,1,0
SYN02783,Mid-Level Associate,Senior,Paris,Corporate Group,46.11,0,51,9,1,4.0,1,1,0
SYN02784,Junior Associate,Junior,Other,Corporate Transactions & Advisory,34.26,0,81,21,1,52.0,1,0,0
SYN02785,Junior Associate,Junior,Other,Projects,,0,81,13,1,54.0,1,0,0
SYN02786,Junior Associate,Junior,Frankfurt,Other,47.01,0,70,6,1,1.0,1,1,0
SYN02787,Counsel,Senior,Hong Kong,Arbitration,,0,81,20,1,3.0,1,0,0
SYN02788,Junior Associate,Junior,Other,Arbitration,13.97,0,81,48,1,8.0,1,0,0
SYN02789,Mid-Level Associate,Senior,London,Arbitration,,0,81,31,1,31.0,1,1,0
SYN02790,Other,Junior,Paris,Projects,,0,81,25,1,28.0,1,0,0
SYN02791,Junior Associate,Junior,Other,Antitrust,63.54,0,81,33,1,14.0,1,1,0
SYN02792,Trainees,Junior,Madrid,Capital Markets,,0,81,15,1,49.0,1,0,0
SYN02793,Junior Associate,Junior,London,Arbitration,18.4,0,81,31,1,9.0,1,0,0
SYN02794,Mid-Level Associate,Senior,London,Other,,0,69,14,1,2.0,1,0,0
SYN02795,Junior Associate,Junior,Other,Corporate Transactions & Advisory,,0,81,18,1,4.0,1,0,0
SYN02796,Junior Associate,Junior,London,Arbitration,18.36,28,81,28,1,37.0,1,0,0
SYN02797,Mid-Level Associate,Senior,Luxembourg,Other,18.18,55,81,55,1,22.0,1,0,0
SYN02798,Junior Associate,Junior,New York,Corporate Group,,0,81,13,1,4.0,1,1,0
SYN02799,Partner,Senior,London,Corporate Group,23.73,0,81,8,1,35.0,1,0,0
SYN02800,Mid-Level Associate,Senior,Amsterdam,Antitrust,,0,81,17,1,16.0,1,1,0
SYN02801,Mid-Level Associate,Senior,Amsterdam,Other,24.03,0,81,51,1,13.0,1,0,0
SYN02802,Partner,Senior,Other,Other,58.46,18,81,73,1,73.0,1,0,0
SYN02803,Counsel,Senior,Luxembourg,Antitrust,,0,81,13,1,5.0,1,1,0
SYN02804,Junior Associate,Junior,London,Private Equity,45.85,0,81,5,1,2.0,1,0,0
SYN02805,Senior Associate,Senior,Luxembourg,Corporate Group,39.93,20,81,38,1,9.0,1,0,0
SYN02806,Mid-Level Associate,Senior,Other,Other,37.04,0,81,81,0,5.0,1,0,0
SYN02807,Mid-Level Associate,Senior,New York,Projects,53.15,43,78,43,1,58.0,1,0,0
SYN02808,Mid-Level Associate,Senior,London,Corporate Transactions & Advisory,42.92,11,45,13,1,14.0,1,0,0
SYN02809,Senior Associate,Senior,Madrid,Antitrust,,1,81,30,1,1.0,1,1,0
SYN02810,Mid-Level Associate,Senior,Other,Other,22.02,0,81,11,1,42.0,1,0,0
SYN02811,Mid-Level Associate,Senior,Other,Arbitration,,0,78,26,1,1.0,1,1,0
SYN02812,Partner,Senior,Other,Other,32.25,0,55,19,1,29.0,1,1,0
SYN02813,Counsel,Senior,London,Other,38.97,1,81,7,1,6.0,1,0,0
SYN02814,Trainees,Junior,Frankfurt,Other,27.59,34,71,34,1,34.0,1,0,0
SYN02815,Partner,Senior,London,Corporate Group,39.06,0,81,53,1,6.0,1,1,0
SYN02816,Senior Associate,Senior,London,B&F Group,32.62,0,81,5,1,44.0,1,0,0
SYN02817,Trainees,Junior,Other,Other,16.61,0,55,6,1,24.0,1,0,0
SYN02818,Partner,Senior,Frankfurt,Other,56.2,0,81,7,1,7.0,1,0,0
SYN02819,Partner,Senior,Other,Antitrust,56.5,0,81,3,1,12.0,1,0,0
SYN02820,Partner,Senior,Amsterdam,Other,,0,81,7,1,29.0,1,0,0
SYN02821,Partner,Senior,London,Litigation,46.45,0,81,18,1,18.0,1,0,0
SYN02822,Mid-Level Associate,Senior,London,B&F Group,50.03,0,81,11,1,6.0,1,1,0
SYN02823,Mid-Level Associate,Senior,Other,Projects,54.02,0,81,22,1,34.0,1,0,0
SYN02824,Junior Associate,Junior,London,Other,41.8,0,81,61,1,12.0,1,1,0
SYN02825,Counsel,Senior,Other,Projects,15.16,0,63,7,1,4.0,1,0,0
SYN02826,Junior Associate,Junior,Paris,Corporate Group,35.78,0,81,24,1,10.0,1,1,0
SYN02827,Junior Associate,Junior,Other,Other,52.08,29,81,29,1,2.0,1,0,0
SYN02828,Trainees,Junior,London,Other,59.94,0,81,27,1,19.0,1,0,0
SYN02829,Partner,Senior,New York,Private Equity,15.91,0,56,8,1,29.0,1,0,0
SYN02830,Counsel,Senior,Frankfurt,Other,,0,81,81,0,11.0,1,1,0
SYN02831,Trainees,Junior,London,Arbitration,47.92,0,81,15,1,19.0,1,0,0
SYN02832,Junior Associate,Junior,Frankfurt,Funds & Asset Management,,0,81,75,1,0.0,1,1,0
SYN02833,Trainees,Junior,New York,Corporate Transactions & Advisory,,0,81,49,1,,0,0,0
SYN02834,Counsel,Senior,New York,Arbitration,,0,81,36,1,18.0,1,0,0
SYN02835,Junior Associate,Junior,London,Other,,0,81,8,1,13.0,1,1,0
SYN02836,Partner,Senior,Other,Other,54.04,0,59,10,1,,0,0,0
SYN02837,Mid-Level Associate,Senior,Frankfurt,Other,43.52,0,81,21,1,33.0,1,0,0
SYN02838,Junior Associate,Junior,London,Corporate Group,57.62,36,81,36,1,6.0,1,1,0
SYN02839,Partner,Senior,Amsterdam,Other,40.83,16,81,18,1,1.0,1,1,0
SYN02840,Mid-Level Associate,Senior,Other,Other,37.29,0,68,35,1,16.0,1,0,0
SYN02841,Other,Junior,Luxembourg,Other,46.0,0,81,81,0,34.0,1,0,0
SYN02842,Junior Associate,Junior,Luxembourg,Projects,28.72,0,81,9,1,2.0,1,1,0
SYN02843,Mid-Level Associate,Senior,Other,Corporate Group,38.05,0,81,8,1,23.0,1,0,0
SYN02844,Trainees,Junior,Other,Other,,0,81,9,1,4.0,1,1,0
SYN02845,Junior Associate,Junior,Madrid,Other,,0,81,12,1,36.0,1,0,0
SYN02846,Junior Associate,Junior,Luxembourg,Corporate Group,,16,81,45,1,32.0,1,0,0
SYN02847,Senior Associate,Senior,London,Other,,0,81,20,1,39.0,1,0,0
SYN02848,Senior Associate,Senior,Luxembourg,Litigation,30.05,0,58,12,1,3.0,1,1,0
SYN02849,Mid-Level Associate,Senior,London,Other,36.47,19,81,34,1,34.0,1,0,0
SYN02850,Partner,Senior,Other,Corporate Transactions & Advisory,46.5,0,78,9,1,15.0,1,0,0
SYN02851,Mid-Level Associate,Senior,London,Other,,49,81,49,1,1.0,1,1,0
SYN02852,Junior Associate,Junior,Other,Private Equity,51.25,0,81,12,1,6.0,1,0,0
SYN02853,Senior Associate,Senior,Paris,Other,35.24,12,50,12,1,17.0,1,0,0
SYN02854,Partner,Senior,London,Corporate Group,41.95,0,81,10,1,6.0,1,0,0
SYN02855,Mid-Level Associate,Senior,Amsterdam,Other,,0,81,1,1,5.0,1,1,0
SYN02856,Mid-Level Associate,Senior,London,Corporate Group,31.08,0,81,27,1,7.0,1,1,0
SYN02857,Junior Associate,Junior,Paris,Corporate Transactions & Advisory,24.9,0,81,75,1,,0,0,0
SYN02858,Junior Associate,Junior,New York,Other,41.21,0,81,29,1,51.0,1,0,0
SYN02859,Mid-Level Associate,Senior,Other,Projects,,0,65,42,1,,0,0,0
SYN02860,Junior Associate,Junior,London,Funds & Asset Management,28.79,0,81,9,1,2.0,1,1,0
SYN02861,Junior Associate,Junior,New York,Other,19.53,0,52,18,1,18.0,1,1,0
SYN02862,Junior Associate,Junior,Other,Arbitration,57.68,0,81,13,1,6.0,1,0,0
SYN02863,Mid-Level Associate,Senior,Madrid,Other,65.67,0,59,6,1,6.0,1,0,0
SYN02864,Junior Associate,Junior,Luxembourg,Projects,,0,81,25,1,7.0,1,0,0
SYN02865,Trainees,Junior,Other,Projects,32.95,31,53,31,1,19.0,1,0,0
SYN02866,Partner,Senior,Other,Corporate Transactions & Advisory,63.42,0,81,16,1,31.0,1,0,0
SYN02867,Partner,Senior,London,Other,22.98,1,81,52,1,5.0,1,1,0
SYN02868,Counsel,Senior,New York,Private Equity,32.45,0,81,5,1,7.0,1,0,0
SYN02869,Partner,Senior,Paris,Arbitration,,0,81,25,1,9.0,1,0,0
SYN02870,Junior Associate,Junior,Other,Other,,0,81,13,1,13.0,1,0,0
SYN02871,Trainees,Junior,London,B&F Group,36.66,0,81,8,1,8.0,1,0,0
SYN02872,Junior Associate,Junior,Paris,Arbitration,27.76,12,81,12,1,6.0,1,0,0
SYN02873,Mid-Level Associate,Senior,Paris,Funds & Asset Management,50.28,3,81,15,1,4.0,1,1,0
SYN02874,Junior Associate,Junior,London,Antitrust,,0,81,11,1,22.0,1,0,0
SYN02875,Trainees,Junior,Other,Other,33.93,0,81,23,1,8.0,1,0,0
SYN02876,Junior Associate,Junior,Paris,Other,53.67,0,81,23,1,23.0,1,1,0
SYN02877,Mid-Level Associate,Senior,London,Corporate Transactions & Advisory,20.06,0,81,10,1,2.0,1,1,0
SYN02878,Partner,Senior,Madrid,Other,,0,81,42,1,,0,0,0
SYN02879,Partner,Senior,London,Other,29.01,0,81,34,1,27.0,1,1,0
SYN02880,Junior Associate,Junior,Amsterdam,Corporate Group,45.31,0,81,8,1,27.0,1,1,0
SYN02881,Junior Associate,Junior,Other,Funds & Asset Management,44.05,0,81,26,1,16.0,1,0,0
SYN02882,Partner,Senior,Paris,Arbitration,39.25,0,81,28,1,2.0,1,1,0
SYN02883,Trainees,Junior,Paris,Other,51.64,0,81,25,1,21.0,1,0,0
SYN02884,Partner,Senior,Other,Other,44.45,0,81,46,1,38.0,1,0,0
SYN02885,Trainees,Junior,Madrid,Other,,0,81,23,1,30.0,1,0,0
SYN02886,Senior Associate,Senior,London,Other,,0,81,12,1,4.0,1,1,0
SYN02887,Partner,Senior,Other,Arbitration,42.52,0,81,36,1,37.0,1,1,0
SYN02888,Partner,Senior,Other,Corporate Transactions & Advisory,43.97,0,81,7,1,,0,0,0
SYN02889,Mid-Level Associate,Senior,London,Other,45.98,0,81,17,1,60.0,1,0,0
SYN02890,Junior Associate,Junior,Other,Corporate Group,,0,81,16,1,16.0,1,1,0
SYN02891,Trainees,Junior,Other,Litigation,32.07,32,81,32,1,14.0,1,0,0
SYN02892,Junior Associate,Junior,London,Corporate Transactions & Advisory,33.36,16,81,31,1,33.0,1,0,0
SYN02893,Junior Associate,Junior,Frankfurt,Litigation,20.03,0,81,36,1,21.0,1,0,0
SYN02894,Counsel,Senior,Other,Other,38.68,0,81,1,1,8.0,1,0,0
SYN02895,Partner,Senior,London,B&F Group,55.67,1,81,5,1,,0,0,0
SYN02896,Junior Associate,Junior,London,Arbitration,,0,81,81,0,54.0,1,0,0
SYN02897,Partner,Senior,London,Corporate Group,,21,60,21,1,8.0,1,0,0
SYN02898,Trainees,Junior,Other,Corporate Group,60.28,0,81,7,1,23.0,1,0,0
SYN02899,Junior Associate,Junior,London,Other,34.63,0,81,3,1,30.0,1,0,0
SYN02900,Counsel,Senior,New York,Antitrust,42.83,0,81,22,1,,0,0,0
SYN02901,Partner,Senior,Amsterdam,Other,40.92,0,81,31,1,31.0,1,0,0
SYN02902,Partner,Senior,Other,Corporate Transactions & Advisory,39.35,0,81,41,1,2.0,1,1,0
SYN02903,Junior Associate,Junior,London,Arbitration,,0,81,20,1,15.0,1,0,0
SYN02904,Trainees,Junior,New York,Corporate Group,32.2,0,81,16,1,11.0,1,1,0
SYN02905,Junior Associate,Junior,Other,Corporate Transactions & Advisory,,0,81,20,1,22.0,1,1,0
SYN02906,Mid-Level Associate,Senior,Other,Litigation,34.7,0,81,17,1,3.0,1,0,0
SYN02907,Trainees,Junior,Other,Other,,0,81,8,1,23.0,1,0,0
SYN02908,Mid-Level Associate,Senior,Other,Projects,,0,81,42,1,,0,0,0
SYN02909,Trainees,Junior,New York,Corporate Transactions & Advisory,45.72,0,81,9,1,9.0,1,0,0
SYN02910,Senior Associate,Senior,Luxembourg,Antitrust,21.59,0,56,4,1,4.0,1,1,0
SYN02911,Trainees,Junior,London,Other,17.82,0,47,17,1,,0,0,0
SYN02912,Junior Associate,Junior,London,Other,,0,81,11,1,0.0,1,1,0
SYN02913,Mid-Level Associate,Senior,New York,Other,40.0,0,81,18,1,76.0,1,0,0
SYN02914,Senior Associate,Senior,Luxembourg,Private Equity,16.64,0,77,3,1,9.0,1,1,0
SYN02915,Counsel,Senior,London,Other,46.78,1,74,21,1,4.0,1,1,0
SYN02916,Mid-Level Associate,Senior,Other,Other,46.18,1,81,3,1,21.0,1,1,0
SYN02917,Counsel,Senior,Other,Corporate Transactions & Advisory,29.33,0,81,72,1,8.0,1,0,0
SYN02918,Mid-Level Associate,Senior,Other,Other,24.1,0,81,63,1,40.0,1,0,0
SYN02919,Junior Associate,Junior,Paris,Funds & Asset Management,24.34,0,81,25,1,42.0,1,0,0
SYN02920,Trainees,Junior,Amsterdam,B&F Group,34.44,22,81,22,1,14.0,1,0,0
SYN02921,Junior Associate,Junior,Other,Other,22.14,0,81,10,1,5.0,1,1,0
SYN02922,Senior Associate,Senior,London,Other,52.73,0,81,3,1,1.0,1,1,0
SYN02923,Junior Associate,Junior,Other,Funds & Asset Management,,0,81,23,1,7.0,1,1,0
SYN02924,Partner,Senior,London,Other,,2,77,40,1,2.0,1,1,0
SYN02925,Mid-Level Associate,Senior,Other,B&F Group,,0,50,7,1,1.0,1,1,0
SYN02926,Counsel,Senior,Madrid,Antitrust,39.03,0,81,10,1,24.0,1,0,0
SYN02927,Partner,Senior,Paris,Other,38.04,0,81,43,1,3.0,1,1,0
SYN02928,Junior Associate,Junior,Other,Other,35.82,1,81,6,1,19.0,1,0,0
SYN02929,Senior Associate,Senior,Frankfurt,Corporate Transactions & Advisory,44.74,0,81,34,1,40.0,1,0,0
SYN02930,Mid-Level Associate,Senior,Other,Corporate Transactions & Advisory,35.26,0,81,7,1,4.0,1,1,0
SYN02931,Counsel,Senior,London,Other,,0,81,81,0,17.0,1,0,0
SYN02932,Partner,Senior,New York,Corporate Transactions & Advisory,28.83,0,81,7,1,10.0,1,1,0
SYN02933,Partner,Senior,Amsterdam,Projects,25.14,0,81,16,1,1.0,1,1,0
SYN02934,Senior Associate,Senior,Other,Other,47.45,1,81,41,1,20.0,1,0,0
SYN02935,Partner,Senior,Other,Other,,7,70,7,1,2.0,1,0,0
SYN02936,Trainees,Junior,London,Corporate Transactions & Advisory,41.05,0,81,13,1,9.0,1,1,0
SYN02937,Trainees,Junior,Other,Other,35.29,0,81,11,1,12.0,1,1,0
SYN02938,Junior Associate,Junior,Other,Other,25.83,0,81,11,1,3.0,1,0,0
SYN02939,Trainees,Junior,London,Antitrust,,0,70,4,1,5.0,1,1,0
SYN02940,Senior Associate,Senior,New York,Arbitration,44.09,0,81,7,1,3.0,1,1,0
SYN02941,Junior Associate,Junior,Other,Corporate Transactions & Advisory,,0,81,37,1,4.0,1,0,0
SYN02942,Trainees,Junior,London,Litigation,,1,81,28,1,13.0,1,0,0
SYN02943,Partner,Senior,Other,Arbitration,,1,81,4,1,27.0,1,0,0
SYN02944,Partner,Senior,Frankfurt,Other,56.01,0,81,23,1,12.0,1,1,0
SYN02945,Partner,Senior,Other,Other,15.52,0,81,49,1,8.0,1,1,0
SYN02946,Partner,Senior,Madrid,Other,21.69,0,81,21,1,38.0,1,0,0
SYN02947,Mid-Level Associate,Senior,London,Corporate Transactions & Advisory,35.68,0,81,25,1,12.0,1,0,0
SYN02948,Mid-Level Associate,Senior,London,Other,39.55,35,81,43,1,53.0,1,0,0
SYN02949,Trainees,Junior,New York,Other,53.41,0,81,2,1,3.0,1,0,0
SYN02950,Junior Associate,Junior,Paris,Funds & Asset Management,39.02,0,81,21,1,13.0,1,1,0
SYN02951,Trainees,Junior,London,Other,,1,81,8,1,,0,0,0
SYN02952,Other,Junior,New York,Other,,21,81,21,1,13.0,1,0,0
SYN02953,Junior Associate,Junior,Paris,Funds & Asset Management,30.4,4,81,69,1,38.0,1,0,0
SYN02954,Junior Associate,Junior,London,Litigation,,3,68,32,1,7.0,1,0,0
SYN02955,Junior Associate,Junior,Frankfurt,Antitrust,43.64,0,81,43,1,38.0,1,0,0
SYN02956,Mid-Level Associate,Senior,Hong Kong,Arbitration,38.51,0,81,7,1,20.0,1,0,0
SYN02957,Mid-Level Associate,Senior,Other,Other,27.33,0,81,16,1,,0,0,0
SYN02958,Mid-Level Associate,Senior,Frankfurt,Other,39.75,0,81,25,1,8.0,1,1,0
SYN02959,Junior Associate,Junior,London,Other,,0,81,2,1,2.0,1,1,0
SYN02960,Junior Associate,Junior,Frankfurt,Funds & Asset Management,39.66,0,81,55,1,5.0,1,0,0
SYN02961,Junior Associate,Junior,London,Arbitration,20.31,0,81,43,1,14.0,1,1,0
SYN02962,Mid-Level Associate,Senior,Other,Litigation,38.93,16,81,33,1,,0,0,0
SYN02963,Mid-Level Associate,Senior,London,Other,32.28,0,81,12,1,8.0,1,0,0
SYN02964,Mid-Level Associate,Senior,Other,Corporate Group,27.08,0,81,0,1,71.0,1,0,0
SYN02965,Mid-Level Associate,Senior,Other,Other,,1,81,4,1,18.0,1,0,0
SYN02966,Junior Associate,Junior,Hong Kong,Other,31.57,0,81,81,0,19.0,1,1,0
SYN02967,Other,Junior,Other,Projects,,0,81,15,1,8.0,1,1,0
SYN02968,Senior Associate,Senior,Other,Litigation,40.81,0,81,40,1,,0,0,0
SYN02969,Trainees,Junior,London,Corporate Transactions & Advisory,21.08,0,54,23,1,5.0,1,1,0
SYN02970,Other,Junior,New York,Other,,0,81,39,1,22.0,1,0,0
SYN02971,Partner,Senior,Luxembourg,Litigation,48.05,0,81,14,1,13.0,1,1,0
SYN02972,Mid-Level Associate,Senior,Paris,Capital Markets,43.93,1,51,31,1,3.0,1,1,0
SYN02973,Mid-Level Associate,Senior,London,Corporate Transactions & Advisory,,0,81,24,1,20.0,1,0,0
SYN02974,Mid-Level Associate,Senior,Other,Other,,0,81,43,1,19.0,1,0,0
SYN02975,Junior Associate,Junior,Other,Antitrust,48.51,0,81,2,1,36.0,1,0,0
SYN02976,Mid-Level Associate,Senior,New York,Other,,0,81,9,1,4.0,1,0,0
SYN02977,Trainees,Junior,Luxembourg,Private Equity,50.9,23,81,23,1,1.0,1,1,0
SYN02978,Mid-Level Associate,Senior,Amsterdam,Corporate Group,35.0,11,64,64,0,47.0,1,0,0
SYN02979,Mid-Level Associate,Senior,Frankfurt,Other,23.8,0,81,19,1,,0,0,0
SYN02980,Junior Associate,Junior,London,Other,48.16,0,81,81,0,42.0,1,0,0
SYN02981,Trainees,Junior,Amsterdam,Arbitration,45.65,0,81,48,1,22.0,1,0,0
SYN02982,Partner,Senior,New York,Private Equity,,0,73,8,1,4.0,1,1,0
SYN02983,Partner,Senior,Other,Arbitration,15.35,0,81,55,1,12.0,1,0,0
SYN02984,Junior Associate,Junior,London,Corporate Transactions & Advisory,,0,52,14,1,4.0,1,1,0
SYN02985,Mid-Level Associate,Senior,New York,Other,25.12,0,81,8,1,42.0,1,0,0
SYN02986,Junior Associate,Junior,Other,Antitrust,,0,81,33,1,33.0,1,1,0
SYN02987,Junior Associate,Junior,Other,Funds & Asset Management,30.06,0,81,26,1,6.0,1,0,0
SYN02988,Partner,Senior,Other,Other,57.79,0,81,2,1,6.0,1,1,0
SYN02989,Junior Associate,Junior,London,B&F Group,49.46,0,61,50,1,8.0,1,0,0
SYN02990,Trainees,Junior,Amsterdam,Corporate Group,35.46,22,81,22,1,5.0,1,1,0
SYN02991,Junior Associate,Junior,Amsterdam,Other,23.55,0,81,53,1,6.0,1,1,0
SYN02992,Senior Associate,Senior,Madrid,Other,,0,72,46,1,12.0,1,1,0
SYN02993,Partner,Senior,London,Corporate Group,23.59,16,81,16,1,7.0,1,1,0
SYN02994,Junior Associate,Junior,London,Corporate Group,,0,81,36,1,21.0,1,1,0
SYN02995,Trainees,Junior,Paris,Corporate Transactions & Advisory,15.3,0,81,4,1,9.0,1,1,0
SYN02996,Junior Associate,Junior,Hong Kong,Capital Markets,,0,81,14,1,18.0,1,0,0
SYN02997,Partner,Senior,Other,Other,42.88,7,54,8,1,38.0,1,0,0
SYN02998,Partner,Senior,Frankfurt,Corporate Transactions & Advisory,42.4,0,81,8,1,3.0,1,1,0
SYN02999,Junior Associate,Junior,London,Corporate Transactions & Advisory,26.52,0,81,57,1,5.0,1,0,0
SYN03000,Junior Associate,Junior,Amsterdam,Other,42.91,0,81,15,1,13.0,1,1,0
SYN03001,Mid-Level Associate,Senior,Frankfurt,Corporate Transactions & Advisory,38.04,0,81,11,1,9.0,1,1,0
SYN03002,Junior Associate,Junior,Hong Kong,Capital Markets,43.72,0,81,27,1,1.0,1,1,0
SYN03003,Trainees,Junior,London,Antitrust,27.44,1,81,9,1,8.0,1,1,0
SYN03004,Junior Associate,Junior,Other,Other,58.36,0,81,0,1,13.0,1,0,0
SYN03005,Mid-Level Associate,Senior,London,Arbitration,48.83,1,81,74,1,74.0,1,0,0
SYN03006,Trainees,Junior,London,Antitrust,68.88,18,81,41,1,,0,0,0
SYN03007,Counsel,Senior,New York,Other,,0,81,35,1,2.0,1,1,0
SYN03008,Partner,Senior,London,Arbitration,51.24,0,81,4,1,36.0,1,0,0
SYN03009,Junior Associate,Junior,Frankfurt,Antitrust,41.47,0,81,9,1,4.0,1,0,0
SYN03010,Trainees,Junior,London,Corporate Transactions & Advisory,,0,60,15,1,1.0,1,0,0
SYN03011,Partner,Senior,London,Corporate Group,49.71,0,81,23,1,1.0,1,1,0
SYN03012,Trainees,Junior,Other,Corporate Transactions & Advisory,45.98,0,69,46,1,,0,0,0
SYN03013,Trainees,Junior,Other,Other,,0,81,13,1,1.0,1,0,0
SYN03014,Partner,Senior,Other,Other,21.19,0,81,4,1,,0,0,0
SYN03015,Junior Associate,Junior,Other,Litigation,53.48,0,81,21,1,13.0,1,1,0
SYN03016,Other,Junior,Other,Corporate Transactions & Advisory,30.86,0,81,24,1,18.0,1,1,0
SYN03017,Partner,Senior,London,Other,56.21,0,81,7,1,5.0,1,1,0
SYN03018,Mid-Level Associate,Senior,London,Other,20.66,46,81,46,1,31.0,1,0,0
SYN03019,Trainees,Junior,London,Antitrust,,12,81,58,1,6.0,1,1,0
SYN03020,Partner,Senior,Other,Projects,,0,81,4,1,26.0,1,0,0
SYN03021,Partner,Senior,Other,Other,50.45,22,81,24,1,3.0,1,1,0
SYN03022,Trainees,Junior,London,Corporate Transactions & Advisory,,0,81,3,1,3.0,1,1,0
SYN03023,Trainees,Junior,Other,Projects,60.67,39,81,39,1,6.0,1,0,0
SYN03024,Senior Associate,Senior,London,Other,60.39,0,81,8,1,57.0,1,0,0
SYN03025,Trainees,Junior,Other,Other,35.94,0,81,20,1,7.0,1,1,0
SYN03026,Trainees,Junior,Frankfurt,Arbitration,31.59,0,81,14,1,2.0,1,0,0
SYN03027,Mid-Level Associate,Senior,Hong Kong,Capital Markets,38.74,0,81,17,1,12.0,1,1,0
SYN03028,Junior Associate,Junior,Other,Corporate Group,46.14,0,81,72,1,10.0,1,0,0
SYN03029,Mid-Level Associate,Senior,Hong Kong,Capital Markets,46.55,0,81,50,1,50.0,1,0,0
SYN03030,Junior Associate,Junior,London,Other,24.71,0,81,13,1,9.0,1,1,0
SYN03031,Junior Associate,Junior,New York,Corporate Transactions & Advisory,19.55,0,48,45,1,11.0,1,0,0
SYN03032,Mid-Level Associate,Senior,New York,Corporate Group,,0,81,3,1,67.0,1,0,0
SYN03033,Junior Associate,Junior,New York,Arbitration,59.13,25,81,81,1,21.0,1,0,0
SYN03034,Mid-Level Associate,Senior,Other,Antitrust,37.32,35,81,35,1,16.0,1,0,0
SYN03035,Partner,Senior,Frankfurt,Other,,1,81,26,1,3.0,1,0,0
SYN03036,Trainees,Junior,Hong Kong,Other,47.54,15,73,28,1,2.0,1,1,0
SYN03037,Mid-Level Associate,Senior,London,Corporate Group,,0,81,64,1,59.0,1,0,0
SYN03038,Junior Associate,Junior,Paris,Corporate Group,45.89,0,81,27,1,1.0,1,1,0
SYN03039,Partner,Senior,Other,Antitrust,43.91,0,81,3,1,,0,0,0
SYN03040,Trainees,Junior,London,Other,,0,81,11,1,46.0,1,0,0
SYN03041,Trainees,Junior,London,Corporate Transactions & Advisory,48.28,52,81,52,1,4.0,1,1,0
SYN03042,Senior Associate,Senior,London,Other,,8,81,38,1,,0,0,0
SYN03043,Partner,Senior,New York,Other,52.85,0,81,21,1,26.0,1,1,0
SYN03044,Junior Associate,Junior,Amsterdam,Funds & Asset Management,53.87,8,81,40,1,,0,0,0
SYN03045,Junior Associate,Junior,Other,Projects,,1,81,32,1,13.0,1,0,0
SYN03046,Junior Associate,Junior,Hong Kong,Other,48.42,1,81,73,1,11.0,1,0,0
SYN03047,Mid-Level Associate,Senior,London,Other,,0,81,43,1,3.0,1,1,0
SYN03048,Trainees,Junior,London,Corporate Transactions & Advisory,60.04,0,63,21,1,2.0,1,1,0
SYN03049,Counsel,Senior,Paris,Other,46.48,0,81,3,1,7.0,1,0,0
SYN03050,Partner,Senior,London,Projects,38.48,14,81,44,1,3.0,1,1,0
SYN03051,Trainees,Junior,Other,Arbitration,49.57,0,81,52,1,4.0,1,0,0
SYN03052,Trainees,Junior,London,Corporate Transactions & Advisory,46.53,0,81,9,1,13.0,1,0,0
SYN03053,Mid-Level Associate,Senior,London,Other,,0,81,16,1,,0,0,0
SYN03054,Junior Associate,Junior,London,Other,53.49,20,81,20,1,3.0,1,1,0
SYN03055,Partner,Senior,Other,Other,,0,81,60,1,2.0,1,1,0
SYN03056,Trainees,Junior,Paris,Corporate Group,54.45,0,81,7,1,49.0,1,0,0
SYN03057,Partner,Senior,Other,Other,26.23,0,81,29,1,29.0,1,0,0
SYN03058,Junior Associate,Junior,Madrid,Arbitration,36.54,0,67,12,1,10.0,1,0,0
SYN03059,Mid-Level Associate,Senior,Other,Other,,53,81,53,1,53.0,1,1,0
SYN03060,Partner,Senior,London,Other,31.26,0,81,27,1,,0,0,0
SYN03061,Mid-Level Associate,Senior,Other,B&F Group,44.32,0,79,79,0,16.0,1,0,0
SYN03062,Partner,Senior,New York,Capital Markets,61.68,0,81,16,1,19.0,1,0,0
SYN03063,Junior Associate,Junior,Other,Other,,0,81,42,1,4.0,1,1,0
SYN03064,Junior Associate,Junior,New York,Other,,0,81,3,1,0.0,1,1,0
SYN03065,Trainees,Junior,Other,Funds & Asset Management,42.19,29,81,29,1,12.0,1,0,0
SYN03066,Trainees,Junior,Amsterdam,Antitrust,37.1,10,81,48,1,0.0,1,1,0
SYN03067,Senior Associate,Senior,Frankfurt,Arbitration,,0,81,48,1,27.0,1,0,0
SYN03068,Partner,Senior,Frankfurt,Projects,59.18,0,73,25,1,2.0,1,1,0
SYN03069,Mid-Level Associate,Senior,Hong Kong,Arbitration,45.68,43,81,43,1,43.0,1,0,0
SYN03070,Mid-Level Associate,Senior,Other,Other,52.02,0,81,24,1,12.0,1,0,0
SYN03071,Trainees,Junior,Other,Other,33.98,0,81,4,1,30.0,1,0,0
SYN03072,Junior Associate,Junior,Luxembourg,Private Equity,46.25,0,81,16,1,18.0,1,1,0
SYN03073,Junior Associate,Junior,Paris,B&F Group,,0,81,32,1,25.0,1,0,0
SYN03074,Partner,Senior,London,Other,,0,81,36,1,9.0,1,1,0
SYN03075,Senior Associate,Senior,London,Private Equity,21.21,0,50,30,1,18.0,1,0,0
SYN03076,Trainees,Junior,Paris,Litigation,43.53,0,81,9,1,29.0,1,0,0
SYN03077,Partner,Senior,London,Corporate Group,40.89,0,81,10,1,,0,0,0
SYN03078,Counsel,Senior,New York,Other,,0,81,15,1,24.0,1,0,0
SYN03079,Mid-Level Associate,Senior,Hong Kong,Other,,0,81,24,1,29.0,1,0,0
SYN03080,Trainees,Junior,New York,Other,44.14,1,81,11,1,4.0,1,0,0
SYN03081,Trainees,Junior,Other,Litigation,19.34,0,81,81,0,32.0,1,0,0
SYN03082,Trainees,Junior,London,Litigation,28.97,0,81,6,1,57.0,1,0,0
SYN03083,Junior Associate,Junior,New York,Other,35.14,0,81,10,1,13.0,1,0,0
SYN03084,Mid-Level Associate,Senior,Other,Other,53.73,0,81,25,1,,0,0,0
SYN03085,Junior Associate,Junior,London,Private Equity,,31,45,31,1,11.0,1,1,0
SYN03086,Trainees,Junior,London,Corporate Transactions & Advisory,26.52,0,81,55,1,29.0,1,0,0
SYN03087,Counsel,Senior,Other,Arbitration,25.06,0,81,34,1,57.0,1,0,0
SYN03088,Trainees,Junior,Madrid,Corporate Group,37.79,0,81,15,1,16.0,1,0,0
SYN03089,Counsel,Senior,London,Capital Markets,42.04,0,81,2,1,56.0,1,0,0
SYN03090,Trainees,Junior,London,Other,17.07,0,81,13,1,35.0,1,0,0
SYN03091,Junior Associate,Junior,London,Private Equity,,0,81,0,1,4.0,1,1,0
SYN03092,Junior Associate,Junior,Amsterdam,Capital Markets,14.54,1,81,81,0,2.0,1,1,0
SYN03093,Senior Associate,Senior,London,Other,,0,81,20,1,20.0,1,0,0
SYN03094,Mid-Level Associate,Senior,London,Arbitration,54.32,0,81,25,1,23.0,1,1,0
SYN03095,Junior Associate,Junior,London,Other,,0,51,25,1,14.0,1,0,0
SYN03096,Junior Associate,Junior,London,B&F Group,54.56,0,81,38,1,8.0,1,1,0
SYN03097,Mid-Level Associate,Senior,Frankfurt,Antitrust,41.55,0,81,8,1,7.0,1,1,0
SYN03098,Mid-Level Associate,Senior,Other,Antitrust,33.39,0,81,56,1,19.0,1,0,0
SYN03099,Junior Associate,Junior,Paris,Arbitration,27.43,0,81,17,1,5.0,1,0,0
SYN03100,Junior Associate,Junior,Other,Corporate Group,25.66,0,81,15,1,0.0,1,0,0
SYN03101,Junior Associate,Junior,Paris,Other,42.15,0,81,9,1,9.0,1,1,0
SYN03102,Junior Associate,Junior,Paris,Other,35.02,0,81,81,0,,0,0,0
SYN03103,Junior Associate,Junior,Other,Corporate Transactions & Advisory,,0,81,1,1,26.0,1,0,0
SYN03104,Junior Associate,Junior,Other,Arbitration,36.68,0,81,16,1,60.0,1,0,0
SYN03105,Senior Associate,Senior,Other,B&F Group,45.95,6,73,41,1,9.0,1,1,0
SYN03106,Junior Associate,Junior,London,Capital Markets,,0,81,6,1,12.0,1,1,0
SYN03107,Partner,Senior,New York,Other,28.53,1,81,10,1,46.0,1,0,0
SYN03108,Junior Associate,Junior,Other,Other,46.11,0,81,4,1,4.0,1,1,0
SYN03109,Trainees,Junior,London,Corporate Group,43.35,0,81,31,1,11.0,1,0,0
SYN03110,Junior Associate,Junior,New York,Corporate Transactions & Advisory,,0,81,30,1,9.0,1,1,0
SYN03111,Partner,Senior,London,Antitrust,23.5,12,81,12,1,67.0,1,0,0
SYN03112,Junior Associate,Junior,Other,Arbitration,63.93,35,81,40,1,8.0,1,0,0
SYN03113,Junior Associate,Junior,Other,Other,41.91,0,81,3,1,8.0,1,1,0
SYN03114,Mid-Level Associate,Senior,London,Corporate Group,31.63,0,81,21,1,16.0,1,1,0
SYN03115,Junior Associate,Junior,Paris,Other,19.0,0,81,38,1,10.0,1,1,0
SYN03116,Counsel,Senior,Frankfurt,Other,47.57,0,81,16,1,18.0,1,0,0
SYN03117,Mid-Level Associate,Senior,Other,Corporate Transactions & Advisory,,0,81,38,1,,0,0,0
SYN03118,Trainees,Junior,Other,Other,,0,67,31,1,3.0,1,1,0
SYN03119,Trainees,Junior,London,Other,29.16,0,61,45,1,11.0,1,1,0
SYN03120,Mid-Level Associate,Senior,London,Corporate Transactions & Advisory,37.75,0,81,28,1,10.0,1,1,0
SYN03121,Senior Associate,Senior,Other,Other,51.01,0,81,10,1,12.0,1,0,0
SYN03122,Trainees,Junior,London,Other,41.96,0,81,10,1,2.0,1,1,0
SYN03123,Junior Associate,Junior,Frankfurt,Corporate Transactions & Advisory,,0,81,4,1,4.0,1,1,0
SYN03124,Junior Associate,Junior,Other,Other,31.39,0,81,19,1,17.0,1,0,0
SYN03125,Mid-Level Associate,Senior,London,B&F Group,,0,81,11,1,3.0,1,1,0
SYN03126,Mid-Level Associate,Senior,Frankfurt,Corporate Group,22.03,1,81,24,1,3.0,1,1,0
SYN03127,Senior Associate,Senior,Hong Kong,Other,42.64,0,81,61,1,35.0,1,0,0
SYN03128,Mid-Level Associate,Senior,Hong Kong,Corporate Transactions & Advisory,22.69,0,81,1,1,20.0,1,0,0
SYN03129,Trainees,Junior,Frankfurt,Other,55.46,0,81,81,0,8.0,1,0,0
SYN03130,Junior Associate,Junior,New York,Corporate Group,25.1,0,81,6,1,6.0,1,0,0
SYN03131,Partner,Senior,Other,Funds & Asset Management,30.62,14,81,14,1,,0,0,0
SYN03132,Trainees,Junior,Other,Other,,31,81,31,1,14.0,1,0,0
SYN03133,Partner,Senior,London,B&F Group,,18,72,18,1,32.0,1,0,0
SYN03134,Mid-Level Associate,Senior,Madrid,Other,51.21,0,48,23,1,,0,0,0
SYN03135,Junior Associate,Junior,London,Projects,,47,81,47,1,,0,0,0
SYN03136,Junior Associate,Junior,Madrid,Funds & Asset Management,46.7,0,63,63,0,8.0,1,0,0
SYN03137,Junior Associate,Junior,Paris,B&F Group,58.96,0,81,28,1,18.0,1,0,0
SYN03138,Trainees,Junior,London,Corporate Group,73.59,1,81,4,1,,0,0,0
SYN03139,Trainees,Junior,Amsterdam,Other,27.64,1,81,29,1,,0,0,0
SYN03140,Junior Associate,Junior,Other,Other,36.3,0,46,46,0,20.0,1,1,0
SYN03141,Trainees,Junior,London,Litigation,28.32,0,81,9,1,,0,0,0
SYN03142,Junior Associate,Junior,Other,Corporate Transactions & Advisory,49.95,0,81,65,1,22.0,1,0,0
SYN03143,Partner,Senior,Hong Kong,Other,42.2,0,81,56,1,6.0,1,0,0
SYN03144,Junior Associate,Junior,Other,Corporate Transactions & Advisory,64.37,0,64,23,1,4.0,1,1,0
SYN03145,Junior Associate,Junior,Paris,Arbitration,38.75,0,81,24,1,9.0,1,1,0
SYN03146,Junior Associate,Junior,New York,Other,37.86,0,81,15,1,7.0,1,0,0
SYN03147,Mid-Level Associate,Senior,Paris,Corporate Transactions & Advisory,,0,81,12,1,21.0,1,0,0
SYN03148,Junior Associate,Junior,Other,Other,,0,47,4,1,41.0,1,0,0
SYN03149,Partner,Senior,Other,Arbitration,41.98,0,81,4,1,14.0,1,0,0
SYN03150,Junior Associate,Junior,London,Other,39.81,0,81,34,1,4.0,1,1,0
SYN03151,Mid-Level Associate,Senior,Other,Litigation,,0,81,55,1,6.0,1,0,0
SYN03152,Counsel,Senior,Hong Kong,Antitrust,,1,81,30,1,14.0,1,0,0
SYN03153,Other,Junior,London,Other,,1,81,47,1,3.0,1,1,0
SYN03154,Other,Junior,Other,Other,43.81,1,81,3,1,30.0,1,0,0
SYN03155,Senior Associate,Senior,London,Other,28.68,0,81,23,1,13.0,1,0,0
SYN03156,Mid-Level Associate,Senior,London,Litigation,53.88,0,81,5,1,15.0,1,0,0
SYN03157,Partner,Senior,London,Arbitration,,6,81,10,1,7.0,1,1,0
SYN03158,Partner,Senior,London,Corporate Transactions & Advisory,19.62,0,54,54,0,39.0,1,0,0
SYN03159,Mid-Level Associate,Senior,London,Antitrust,,0,81,14,1,15.0,1,0,0
SYN03160,Mid-Level Associate,Senior,London,Corporate Group,51.1,0,81,2,1,14.0,1,1,0
SYN03161,Mid-Level Associate,Senior,Amsterdam,Corporate Transactions & Advisory,,9,64,9,1,6.0,1,1,0
SYN03162,Counsel,Senior,Luxembourg,Corporate Transactions & Advisory,40.92,0,81,50,1,50.0,1,0,0
SYN03163,Mid-Level Associate,Senior,London,Capital Markets,25.03,21,81,21,1,25.0,1,0,0
SYN03164,Junior Associate,Junior,Other,Other,,0,81,19,1,6.0,1,0,0
SYN03165,Junior Associate,Junior,London,Funds & Asset Management,29.87,0,81,22,1,7.0,1,1,0
SYN03166,Partner,Senior,Other,Capital Markets,29.36,0,81,26,1,27.0,1,0,0
SYN03167,Trainees,Junior,New York,Antitrust,41.89,0,81,9,1,6.0,1,1,0
SYN03168,Senior Associate,Senior,Madrid,Other,36.07,0,81,6,1,2.0,1,0,0
SYN03169,Trainees,Junior,Other,Funds & Asset Management,28.03,0,48,0,1,12.0,1,1,0
SYN03170,Other,Junior,New York,Other,,55,81,55,1,,0,0,0
SYN03171,Junior Associate,Junior,Other,Arbitration,31.45,0,47,43,1,11.0,1,0,0
SYN03172,Trainees,Junior,New York,Arbitration,42.73,14,60,42,1,1.0,1,1,0
SYN03173,Partner,Senior,London,Litigation,50.53,12,81,12,1,5.0,1,0,0
SYN03174,Partner,Senior,Frankfurt,Other,,0,81,5,1,10.0,1,0,0
SYN03175,Partner,Senior,Luxembourg,Other,27.35,0,81,32,1,15.0,1,0,0
SYN03176,Junior Associate,Junior,Luxembourg,Other,26.19,17,81,17,1,11.0,1,0,0
SYN03177,Mid-Level Associate,Senior,Paris,Other,25.73,0,81,42,1,15.0,1,1,0
SYN03178,Senior Associate,Senior,London,Other,61.2,1,81,13,1,1.0,1,0,0
SYN03179,Trainees,Junior,Paris,B&F Group,48.65,0,78,52,1,36.0,1,0,0
SYN03180,Mid-Level Associate,Senior,London,Litigation,,0,81,2,1,1.0,1,1,0
SYN03181,Partner,Senior,London,Corporate Group,23.46,0,81,8,1,1.0,1,1,0
SYN03182,Junior Associate,Junior,New York,Other,49.37,0,81,15,1,59.0,1,0,0
SYN03183,Trainees,Junior,London,Arbitration,41.29,0,81,15,1,27.0,1,0,0
SYN03184,Mid-Level Associate,Senior,Amsterdam,Other,44.33,0,81,6,1,5.0,1,0,0
SYN03185,Partner,Senior,Hong Kong,Funds & Asset Management,39.76,55,81,55,1,,0,0,0
SYN03186,Counsel,Senior,Amsterdam,Funds & Asset Management,17.99,0,60,4,1,3.0,1,1,0
SYN03187,Junior Associate,Junior,Hong Kong,Projects,55.15,0,81,12,1,10.0,1,1,0
SYN03188,Junior Associate,Junior,New York,Other,37.73,0,81,7,1,,0,0,0
SYN03189,Partner,Senior,Madrid,Corporate Group,12.99,0,81,27,1,9.0,1,1,0
SYN03190,Junior Associate,Junior,New York,Arbitration,,0,81,8,1,11.0,1,1,0
SYN03191,Junior Associate,Junior,Frankfurt,Capital Markets,19.84,0,81,21,1,6.0,1,1,0
SYN03192,Junior Associate,Junior,Other,Corporate Transactions & Advisory,38.59,0,68,26,1,7.0,1,1,0
SYN03193,Junior Associate,Junior,Other,Other,21.33,0,81,40,1,9.0,1,1,0
SYN03194,Junior Associate,Junior,Other,Other,,0,81,42,1,1.0,1,1,0
SYN03195,Partner,Senior,Other,Funds & Asset Management,,0,81,15,1,33.0,1,0,0
SYN03196,Trainees,Junior,London,Arbitration,46.21,0,81,81,0,3.0,1,1,0
SYN03197,Mid-Level Associate,Senior,New York,Private Equity,27.38,0,81,47,1,47.0,1,0,0
SYN03198,Trainees,Junior,Other,Other,33.97,0,81,21,1,12.0,1,0,0
SYN03199,Trainees,Junior,Madrid,Arbitration,36.51,0,81,13,1,35.0,1,0,0
SYN03200,Junior Associate,Junior,London,Litigation,31.2,31,81,31,1,20.0,1,0,0
SYN03201,Trainees,Junior,Other,Antitrust,38.99,0,59,15,1,49.0,1,0,0
SYN03202,Counsel,Senior,Other,Corporate Transactions & Advisory,33.92,0,81,81,0,,0,0,0
SYN03203,Partner,Senior,Frankfurt,Funds & Asset Management,58.78,0,81,2,1,6.0,1,1,0
SYN03204,Partner,Senior,Other,Corporate Transactions & Advisory,46.01,0,81,27,1,7.0,1,1,0
SYN03205,Trainees,Junior,London,Corporate Group,38.89,0,81,41,1,15.0,1,1,0
SYN03206,Counsel,Senior,London,Other,24.26,0,81,29,1,3.0,1,1,0
SYN03207,Trainees,Junior,Other,Other,43.53,47,81,47,1,10.0,1,0,0
SYN03208,Other,Junior,London,Corporate Group,44.44,0,81,3,1,3.0,1,1,0
SYN03209,Partner,Senior,Other,Other,36.71,7,81,28,1,28.0,1,1,0
SYN03210,Mid-Level Associate,Senior,Paris,Projects,43.14,7,81,7,1,9.0,1,1,0
SYN03211,Trainees,Junior,London,Projects,19.97,0,81,11,1,2.0,1,1,0
SYN03212,Partner,Senior,Other,Corporate Transactions & Advisory,37.62,0,81,40,1,13.0,1,0,0
SYN03213,Mid-Level Associate,Senior,London,Antitrust,18.46,0,77,9,1,11.0,1,1,0
SYN03214,Partner,Senior,Other,Capital Markets,38.52,0,81,28,1,5.0,1,0,0
SYN03215,Junior Associate,Junior,Hong Kong,Other,31.35,0,57,40,1,5.0,1,1,0
SYN03216,Partner,Senior,Madrid,Antitrust,,0,81,19,1,19.0,1,0,0
SYN03217,Senior Associate,Senior,London,Projects,31.04,0,81,13,1,10.0,1,1,0
SYN03218,Junior Associate,Junior,London,Other,56.09,0,81,39,1,3.0,1,1,0
SYN03219,Junior Associate,Junior,Other,Corporate Group,45.39,0,81,12,1,5.0,1,0,0
SYN03220,Mid-Level Associate,Senior,London,Projects,38.85,0,81,33,1,33.0,1,0,0
SYN03221,Trainees,Junior,London,Corporate Group,16.74,0,81,2,1,7.0,1,0,0
SYN03222,Partner,Senior,London,Corporate Group,59.03,0,81,42,1,24.0,1,0,0
SYN03223,Junior Associate,Junior,London,Other,32.05,5,81,81,0,1.0,1,1,0
SYN03224,Mid-Level Associate,Senior,Other,Antitrust,22.85,0,81,15,1,15.0,1,1,0
SYN03225,Senior Associate,Senior,London,Projects,41.74,0,56,28,1,2.0,1,0,0
SYN03226,Junior Associate,Junior,Other,Other,,0,81,12,1,3.0,1,0,0
SYN03227,Trainees,Junior,London,Other,31.29,1,81,2,1,9.0,1,0,0
SYN03228,Junior Associate,Junior,Other,Other,,0,81,63,1,50.0,1,0,0
SYN03229,Other,Junior,New York,Other,31.7,0,65,45,1,1.0,1,1,0
SYN03230,Mid-Level Associate,Senior,Other,Other,58.61,0,81,15,1,22.0,1,0,0
SYN03231,Counsel,Senior,Other,Funds & Asset Management,57.99,0,81,23,1,30.0,1,0,0
SYN03232,Junior Associate,Junior,Other,Capital Markets,54.34,0,81,37,1,6.0,1,0,0
SYN03233,Partner,Senior,Other,Other,24.48,5,81,9,1,9.0,1,1,0
SYN03234,Partner,Senior,Amsterdam,Other,,0,81,21,1,14.0,1,1,0
SYN03235,Trainees,Junior,Other,Other,,0,81,8,1,26.0,1,0,0
SYN03236,Junior Associate,Junior,Other,Other,32.51,0,81,10,1,13.0,1,0,0
SYN03237,Trainees,Junior,London,Corporate Transactions & Advisory,34.25,0,62,25,1,,0,0,0
SYN03238,Counsel,Senior,Other,Other,,0,81,9,1,39.0,1,0,0
SYN03239,Partner,Senior,Paris,Arbitration,,0,81,8,1,3.0,1,0,0
SYN03240,Trainees,Junior,Madrid,Arbitration,,0,81,50,1,16.0,1,0,0
SYN03241,Junior Associate,Junior,London,Litigation,29.2,0,81,22,1,,0,0,0
SYN03242,Senior Associate,Senior,London,Corporate Transactions & Advisory,,0,73,63,1,9.0,1,0,0
SYN03243,Mid-Level Associate,Senior,New York,Funds & Asset Management,,0,59,11,1,0.0,1,0,0
SYN03244,Trainees,Junior,Luxembourg,Other,,9,80,31,1,4.0,1,1,0
SYN03245,Mid-Level Associate,Senior,London,Other,47.91,0,81,13,1,2.0,1,1,0
SYN03246,Mid-Level Associate,Senior,Other,Funds & Asset Management,,0,81,1,1,13.0,1,1,0
SYN03247,Junior Associate,Junior,Hong Kong,Corporate Group,47.28,0,81,2,1,17.0,1,0,0
SYN03248,Mid-Level Associate,Senior,New York,Other,,0,81,2,1,6.0,1,1,0
SYN03249,Partner,Senior,London,Other,47.34,0,81,53,1,9.0,1,0,0
SYN03250,Mid-Level Associate,Senior,London,Litigation,31.7,0,81,10,1,17.0,1,1,0
SYN03251,Junior Associate,Junior,Other,Other,66.21,0,81,24,1,,0,0,0
SYN03252,Junior Associate,Junior,Other,B&F Group,23.95,0,81,6,1,31.0,1,0,0
SYN03253,Junior Associate,Junior,Other,Other,,1,81,10,1,3.0,1,1,0
SYN03254,Junior Associate,Junior,Other,Arbitration,37.24,55,81,55,1,3.0,1,1,0
SYN03255,Partner,Senior,Paris,Antitrust,39.66,0,46,39,1,3.0,1,1,0
SYN03256,Senior Associate,Senior,Other,Corporate Transactions & Advisory,74.92,0,81,16,1,40.0,1,0,0
SYN03257,Junior Associate,Junior,Other,Corporate Transactions & Advisory,,0,81,15,1,49.0,1,0,0
SYN03258,Junior Associate,Junior,Amsterdam,Arbitration,41.13,0,64,56,1,37.0,1,0,0
SYN03259,Senior Associate,Senior,Other,Arbitration,40.54,8,81,58,1,58.0,1,1,0
SYN03260,Partner,Senior,London,Corporate Transactions & Advisory,,1,81,22,1,0.0,1,1,0
SYN03261,Partner,Senior,Paris,Antitrust,,0,68,14,1,6.0,1,0,0
SYN03262,Junior Associate,Junior,Frankfurt,Corporate Group,21.65,0,81,16,1,9.0,1,1,0
SYN03263,Junior Associate,Junior,New York,Other,46.98,0,53,20,1,7.0,1,0,0
SYN03264,Trainees,Junior,Luxembourg,Capital Markets,,0,81,70,1,27.0,1,0,0
SYN03265,Partner,Senior,Frankfurt,Capital Markets,30.5,0,56,1,1,20.0,1,0,0
SYN03266,Mid-Level Associate,Senior,London,Other,45.44,0,81,22,1,9.0,1,1,0
SYN03267,Trainees,Junior,London,Litigation,26.21,0,81,28,1,28.0,1,0,0
SYN03268,Trainees,Junior,London,Corporate Group,28.81,0,81,15,1,17.0,1,0,0
SYN03269,Junior Associate,Junior,Other,Other,39.08,0,81,15,1,26.0,1,0,0
SYN03270,Partner,Senior,London,Other,40.19,0,81,13,1,32.0,1,0,0
SYN03271,Junior Associate,Junior,London,Corporate Group,,0,81,26,1,51.0,1,0,0
SYN03272,Junior Associate,Junior,Paris,Other,29.99,8,81,11,1,6.0,1,0,0
SYN03273,Junior Associate,Junior,London,Corporate Transactions & Advisory,29.9,0,81,13,1,11.0,1,0,0
SYN03274,Mid-Level Associate,Senior,Other,Other,46.61,0,81,77,1,60.0,1,0,0
SYN03275,Junior Associate,Junior,Other,Funds & Asset Management,31.99,0,81,7,1,,0,0,0
SYN03276,Partner,Senior,New York,Corporate Transactions & Advisory,,0,81,12,1,11.0,1,0,0
SYN03277,Partner,Senior,London,Other,16.07,20,81,30,1,,0,0,0
SYN03278,Senior Associate,Senior,Paris,Other,66.49,13,75,15,1,5.0,1,0,0
SYN03279,Junior Associate,Junior,London,Corporate Transactions & Advisory,63.79,0,81,31,1,20.0,1,0,0
SYN03280,Senior Associate,Senior,London,Arbitration,39.71,0,53,23,1,23.0,1,0,0
SYN03281,Partner,Senior,Other,Corporate Group,,0,81,51,1,3.0,1,1,0
SYN03282,Junior Associate,Junior,Paris,Antitrust,42.94,0,81,65,1,12.0,1,0,0
SYN03283,Partner,Senior,Paris,Funds & Asset Management,48.51,0,81,8,1,,0,0,0
SYN03284,Partner,Senior,London,Other,48.42,0,51,14,1,24.0,1,0,0
SYN03285,Junior Associate,Junior,Other,Other,43.35,0,81,25,1,55.0,1,0,0
SYN03286,Trainees,Junior,Madrid,Other,35.51,8,81,13,1,13.0,1,1,0
SYN03287,Partner,Senior,London,Other,52.24,4,81,38,1,28.0,1,0,0
SYN03288,Mid-Level Associate,Senior,Madrid,Other,56.6,0,81,19,1,0.0,1,1,0
SYN03289,Counsel,Senior,London,Other,32.92,0,81,4,1,27.0,1,0,0
SYN03290,Junior Associate,Junior,Other,Other,35.91,0,56,23,1,19.0,1,0,0
SYN03291,Partner,Senior,Hong Kong,Corporate Group,36.43,0,81,58,1,13.0,1,1,0
SYN03292,Partner,Senior,London,Litigation,18.92,1,81,57,1,,0,0,0
SYN03293,Mid-Level Associate,Senior,Other,Other,35.99,0,81,2,1,4.0,1,1,0
SYN03294,Junior Associate,Junior,Other,Other,54.53,1,81,5,1,2.0,1,1,0
SYN03295,Junior Associate,Junior,London,Corporate Transactions & Advisory,56.1,0,64,5,1,3.0,1,1,0
SYN03296,Junior Associate,Junior,Paris,Corporate Group,,0,81,32,1,15.0,1,0,0
SYN03297,Mid-Level Associate,Senior,Luxembourg,Corporate Group,40.73,0,81,18,1,4.0,1,0,0
SYN03298,Junior Associate,Junior,London,Corporate Transactions & Advisory,55.3,0,81,1,1,18.0,1,0,0
SYN03299,Other,Junior,London,Other,24.68,0,81,37,1,17.0,1,0,0
SYN03300,Junior Associate,Junior,Other,Litigation,38.78,0,81,7,1,46.0,1,0,0
SYN03301,Junior Associate,Junior,London,Litigation,25.77,0,70,70,1,8.0,1,1,0
SYN03302,Junior Associate,Junior,Frankfurt,Corporate Group,35.2,1,81,18,1,22.0,1,1,0
SYN03303,Junior Associate,Junior,New York,Other,46.09,0,56,18,1,6.0,1,0,0
SYN03304,Counsel,Senior,Other,Other,,0,81,0,1,25.0,1,0,0
SYN03305,Partner,Senior,London,B&F Group,,0,81,2,1,12.0,1,1,0
SYN03306,Partner,Senior,Other,Private Equity,,0,81,12,1,15.0,1,0,0
SYN03307,Trainees,Junior,London,Projects,22.42,0,81,15,1,2.0,1,1,0
SYN03308,Trainees,Junior,London,Other,,6,81,30,1,13.0,1,0,0
SYN03309,Junior Associate,Junior,Paris,Corporate Transactions & Advisory,12.62,0,81,43,1,43.0,1,1,0
SYN03310,Mid-Level Associate,Senior,Other,Other,42.12,0,81,81,0,64.0,1,0,0
SYN03311,Junior Associate,Junior,London,Other,30.03,0,81,10,1,15.0,1,1,0
SYN03312,Trainees,Junior,Amsterdam,Other,19.72,38,81,38,1,38.0,1,0,0
SYN03313,Counsel,Senior,Other,Other,41.24,0,78,16,1,4.0,1,1,0
SYN03314,Junior Associate,Junior,New York,Antitrust,35.83,23,81,23,1,23.0,1,1,0
SYN03315,Mid-Level Associate,Senior,London,Corporate Group,8.58,0,62,62,0,,0,0,0
SYN03316,Mid-Level Associate,Senior,Paris,Other,,0,81,18,1,57.0,1,0,0
SYN03317,Partner,Senior,Luxembourg,Other,39.2,0,75,10,1,10.0,1,1,0
SYN03318,Trainees,Junior,Other,Other,50.47,0,81,41,1,5.0,1,1,0
SYN03319,Junior Associate,Junior,London,Other,,0,81,81,0,1.0,1,1,0
SYN03320,Mid-Level Associate,Senior,New York,Other,40.94,0,81,6,1,1.0,1,1,0
SYN03321,Partner,Senior,Other,B&F Group,43.24,0,81,22,1,30.0,1,0,0
SYN03322,Trainees,Junior,London,Other,37.08,1,81,8,1,1.0,1,1,0
SYN03323,Junior Associate,Junior,London,Corporate Transactions & Advisory,39.4,55,81,55,1,43.0,1,0,0
